[{"SecurityTitle":"Ordinary Shares","SecuritiesOwnedFollowingTransaction":135328.0,"DirectOrIndirectOwnership":0,"TransactionDate":null,"TransactionCode":null,"TransactionQuantity":null,"TransactionPricePerSecurity":null,"AcquiredOrDisposed":null},{"SecurityTitle":"Ordinary Shares","SecuritiesOwnedFollowingTransaction":35276.0,"DirectOrIndirectOwnership":0,"TransactionDate":null,"TransactionCode":null,"TransactionQuantity":null,"TransactionPricePerSecurity":null,"AcquiredOrDisposed":null},{"SecurityTitle":"Ordinary Shares","SecuritiesOwnedFollowingTransaction":7674.0,"DirectOrIndirectOwnership":1,"TransactionDate":null,"TransactionCode":null,"TransactionQuantity":null,"TransactionPricePerSecurity":null,"AcquiredOrDisposed":null},{"SecurityTitle":"Ordinary Shares","SecuritiesOwnedFollowingTransaction":411942.0,"DirectOrIndirectOwnership":0,"TransactionDate":null,"TransactionCode":null,"TransactionQuantity":null,"TransactionPricePerSecurity":null,"AcquiredOrDisposed":null},{"SecurityTitle":"Ordinary Shares","SecuritiesOwnedFollowingTransaction":1592.0,"DirectOrIndirectOwnership":1,"TransactionDate":null,"TransactionCode":null,"TransactionQuantity":null,"TransactionPricePerSecurity":null,"AcquiredOrDisposed":null},{"SecurityTitle":"Ordinary Shares","SecuritiesOwnedFollowingTransaction":0.0,"DirectOrIndirectOwnership":0,"TransactionDate":"2021-05-17T00:00:00","TransactionCode":1,"TransactionQuantity":50000.0,"TransactionPricePerSecurity":12.35,"AcquiredOrDisposed":1},{"SecurityTitle":"Ordinary Shares","SecuritiesOwnedFollowingTransaction":195200.0,"DirectOrIndirectOwnership":0,"TransactionDate":"2021-05-07T00:00:00","TransactionCode":7,"TransactionQuantity":195200.0,"TransactionPricePerSecurity":7.15,"AcquiredOrDisposed":0},{"SecurityTitle":"Ordinary Shares","SecuritiesOwnedFollowingTransaction":0.0,"DirectOrIndirectOwnership":0,"TransactionDate":"2021-05-07T00:00:00","TransactionCode":1,"TransactionQuantity":195200.0,"TransactionPricePerSecurity":12.36,"AcquiredOrDisposed":1},{"SecurityTitle":"Common Stock","SecuritiesOwnedFollowingTransaction":4013.0,"DirectOrIndirectOwnership":0,"TransactionDate":"2020-10-14T00:00:00","TransactionCode":0,"TransactionQuantity":13.0,"TransactionPricePerSecurity":11.4,"AcquiredOrDisposed":0},{"SecurityTitle":"Common Stock","SecuritiesOwnedFollowingTransaction":4020.0,"DirectOrIndirectOwnership":0,"TransactionDate":"2020-11-02T00:00:00","TransactionCode":0,"TransactionQuantity":7.0,"TransactionPricePerSecurity":10.8,"AcquiredOrDisposed":0},{"SecurityTitle":"Common Stock","SecuritiesOwnedFollowingTransaction":4029.0,"DirectOrIndirectOwnership":0,"TransactionDate":"2020-12-09T00:00:00","TransactionCode":0,"TransactionQuantity":9.0,"TransactionPricePerSecurity":11.61,"AcquiredOrDisposed":0},{"SecurityTitle":"Common Stock","SecuritiesOwnedFollowingTransaction":4031.0,"DirectOrIndirectOwnership":0,"TransactionDate":"2021-01-15T00:00:00","TransactionCode":0,"TransactionQuantity":2.0,"TransactionPricePerSecurity":11.16,"AcquiredOrDisposed":0},{"SecurityTitle":"Common Stock","SecuritiesOwnedFollowingTransaction":4111.0,"DirectOrIndirectOwnership":1,"TransactionDate":"2019-07-01T00:00:00","TransactionCode":0,"TransactionQuantity":80.0,"TransactionPricePerSecurity":11.39,"AcquiredOrDisposed":0},{"SecurityTitle":"Common Stock","SecuritiesOwnedFollowingTransaction":4031.0,"DirectOrIndirectOwnership":1,"TransactionDate":"2019-08-26T00:00:00","TransactionCode":1,"TransactionQuantity":80.0,"TransactionPricePerSecurity":9.71,"AcquiredOrDisposed":1},{"SecurityTitle":"Common Stock","SecuritiesOwnedFollowingTransaction":4066.0,"DirectOrIndirectOwnership":1,"TransactionDate":"2019-11-04T00:00:00","TransactionCode":0,"TransactionQuantity":35.0,"TransactionPricePerSecurity":9.75,"AcquiredOrDisposed":0},{"SecurityTitle":"Common Stock","SecuritiesOwnedFollowingTransaction":4116.0,"DirectOrIndirectOwnership":1,"TransactionDate":"2020-01-08T00:00:00","TransactionCode":0,"TransactionQuantity":50.0,"TransactionPricePerSecurity":10.44,"AcquiredOrDisposed":0},{"SecurityTitle":"Common Stock","SecuritiesOwnedFollowingTransaction":4226.0,"DirectOrIndirectOwnership":1,"TransactionDate":"2020-02-11T00:00:00","TransactionCode":0,"TransactionQuantity":110.0,"TransactionPricePerSecurity":11.01,"AcquiredOrDisposed":0},{"SecurityTitle":"Common Stock","SecuritiesOwnedFollowingTransaction":4066.0,"DirectOrIndirectOwnership":1,"TransactionDate":"2020-02-27T00:00:00","TransactionCode":1,"TransactionQuantity":160.0,"TransactionPricePerSecurity":9.63,"AcquiredOrDisposed":0},{"SecurityTitle":"Common Stock","SecuritiesOwnedFollowingTransaction":4306.0,"DirectOrIndirectOwnership":1,"TransactionDate":"2020-04-06T00:00:00","TransactionCode":0,"TransactionQuantity":240.0,"TransactionPricePerSecurity":8.2,"AcquiredOrDisposed":0},{"SecurityTitle":"Common Stock","SecuritiesOwnedFollowingTransaction":4271.0,"DirectOrIndirectOwnership":1,"TransactionDate":"2020-05-14T00:00:00","TransactionCode":1,"TransactionQuantity":35.0,"TransactionPricePerSecurity":9.09,"AcquiredOrDisposed":1},{"SecurityTitle":"Ordinary Shares","SecuritiesOwnedFollowingTransaction":199700.0,"DirectOrIndirectOwnership":0,"TransactionDate":"2021-02-08T00:00:00","TransactionCode":7,"TransactionQuantity":45180.0,"TransactionPricePerSecurity":10.65,"AcquiredOrDisposed":0},{"SecurityTitle":"Ordinary Shares","SecuritiesOwnedFollowingTransaction":58297.0,"DirectOrIndirectOwnership":0,"TransactionDate":"2020-09-11T00:00:00","TransactionCode":13,"TransactionQuantity":38295.0,"TransactionPricePerSecurity":0.0,"AcquiredOrDisposed":1},{"SecurityTitle":"Ordinary Shares","SecuritiesOwnedFollowingTransaction":0.0,"DirectOrIndirectOwnership":0,"TransactionDate":"2020-09-15T00:00:00","TransactionCode":13,"TransactionQuantity":58297.0,"TransactionPricePerSecurity":0.0,"AcquiredOrDisposed":1},{"SecurityTitle":"Ordinary Shares","SecuritiesOwnedFollowingTransaction":110295.0,"DirectOrIndirectOwnership":1,"TransactionDate":"2020-09-11T00:00:00","TransactionCode":13,"TransactionQuantity":38295.0,"TransactionPricePerSecurity":0.0,"AcquiredOrDisposed":0},{"SecurityTitle":"Ordinary Shares","SecuritiesOwnedFollowingTransaction":168592.0,"DirectOrIndirectOwnership":1,"TransactionDate":"2020-09-15T00:00:00","TransactionCode":13,"TransactionQuantity":58297.0,"TransactionPricePerSecurity":0.0,"AcquiredOrDisposed":0},{"SecurityTitle":"Ordinary Shares","SecuritiesOwnedFollowingTransaction":114286.0,"DirectOrIndirectOwnership":1,"TransactionDate":null,"TransactionCode":null,"TransactionQuantity":null,"TransactionPricePerSecurity":null,"AcquiredOrDisposed":null},{"SecurityTitle":"Ordinary Shares","SecuritiesOwnedFollowingTransaction":96592.0,"DirectOrIndirectOwnership":0,"TransactionDate":"2019-08-01T00:00:00","TransactionCode":7,"TransactionQuantity":9060.0,"TransactionPricePerSecurity":null,"AcquiredOrDisposed":0},{"SecurityTitle":"Ordinary Shares","SecuritiesOwnedFollowingTransaction":72000.0,"DirectOrIndirectOwnership":1,"TransactionDate":null,"TransactionCode":null,"TransactionQuantity":null,"TransactionPricePerSecurity":null,"AcquiredOrDisposed":null},{"SecurityTitle":"Ordinary Shares","SecuritiesOwnedFollowingTransaction":114286.0,"DirectOrIndirectOwnership":1,"TransactionDate":null,"TransactionCode":null,"TransactionQuantity":null,"TransactionPricePerSecurity":null,"AcquiredOrDisposed":null},{"SecurityTitle":"Ordinary Shares","SecuritiesOwnedFollowingTransaction":159532.0,"DirectOrIndirectOwnership":0,"TransactionDate":"2020-09-01T00:00:00","TransactionCode":7,"TransactionQuantity":10173.0,"TransactionPricePerSecurity":null,"AcquiredOrDisposed":0},{"SecurityTitle":"Ordinary Shares","SecuritiesOwnedFollowingTransaction":114286.0,"DirectOrIndirectOwnership":1,"TransactionDate":null,"TransactionCode":null,"TransactionQuantity":null,"TransactionPricePerSecurity":null,"AcquiredOrDisposed":null},{"SecurityTitle":"Ordinary Shares","SecuritiesOwnedFollowingTransaction":318771.0,"DirectOrIndirectOwnership":0,"TransactionDate":"2019-08-01T00:00:00","TransactionCode":7,"TransactionQuantity":15750.0,"TransactionPricePerSecurity":null,"AcquiredOrDisposed":0},{"SecurityTitle":"Ordinary Shares","SecuritiesOwnedFollowingTransaction":303021.0,"DirectOrIndirectOwnership":0,"TransactionDate":"2020-09-01T00:00:00","TransactionCode":7,"TransactionQuantity":9192.0,"TransactionPricePerSecurity":null,"AcquiredOrDisposed":0},{"SecurityTitle":"Ordinary Shares","SecuritiesOwnedFollowingTransaction":1156328.0,"DirectOrIndirectOwnership":0,"TransactionDate":"2020-09-01T00:00:00","TransactionCode":7,"TransactionQuantity":12605.0,"TransactionPricePerSecurity":null,"AcquiredOrDisposed":0},{"SecurityTitle":"Ordinary Shares","SecuritiesOwnedFollowingTransaction":154520.0,"DirectOrIndirectOwnership":0,"TransactionDate":"2020-09-01T00:00:00","TransactionCode":7,"TransactionQuantity":7812.0,"TransactionPricePerSecurity":null,"AcquiredOrDisposed":0},{"SecurityTitle":"Ordinary Shares","SecuritiesOwnedFollowingTransaction":405070.0,"DirectOrIndirectOwnership":0,"TransactionDate":"2020-08-27T00:00:00","TransactionCode":7,"TransactionQuantity":168565.0,"TransactionPricePerSecurity":7.15,"AcquiredOrDisposed":0},{"SecurityTitle":"Ordinary Shares","SecuritiesOwnedFollowingTransaction":293829.0,"DirectOrIndirectOwnership":0,"TransactionDate":"2020-08-27T00:00:00","TransactionCode":1,"TransactionQuantity":111241.0,"TransactionPricePerSecurity":11.0576,"AcquiredOrDisposed":1},{"SecurityTitle":"Ordinary Shares","SecuritiesOwnedFollowingTransaction":285494.0,"DirectOrIndirectOwnership":0,"TransactionDate":"2020-08-21T00:00:00","TransactionCode":7,"TransactionQuantity":76835.0,"TransactionPricePerSecurity":7.15,"AcquiredOrDisposed":0},{"SecurityTitle":"Ordinary Shares","SecuritiesOwnedFollowingTransaction":236505.0,"DirectOrIndirectOwnership":0,"TransactionDate":"2020-08-21T00:00:00","TransactionCode":1,"TransactionQuantity":48989.0,"TransactionPricePerSecurity":11.25,"AcquiredOrDisposed":1},{"SecurityTitle":"Ordinary Shares","SecuritiesOwnedFollowingTransaction":149359.0,"DirectOrIndirectOwnership":0,"TransactionDate":"2020-08-18T00:00:00","TransactionCode":3,"TransactionQuantity":20750.0,"TransactionPricePerSecurity":0.0,"AcquiredOrDisposed":0},{"SecurityTitle":"Ordinary Shares","SecuritiesOwnedFollowingTransaction":208659.0,"DirectOrIndirectOwnership":0,"TransactionDate":"2020-08-18T00:00:00","TransactionCode":3,"TransactionQuantity":34450.0,"TransactionPricePerSecurity":0.0,"AcquiredOrDisposed":0},{"SecurityTitle":"Ordinary Shares","SecuritiesOwnedFollowingTransaction":1143723.0,"DirectOrIndirectOwnership":0,"TransactionDate":"2020-08-18T00:00:00","TransactionCode":3,"TransactionQuantity":62150.0,"TransactionPricePerSecurity":0.0,"AcquiredOrDisposed":0},{"SecurityTitle":"Ordinary Shares","SecuritiesOwnedFollowingTransaction":146708.0,"DirectOrIndirectOwnership":0,"TransactionDate":"2020-08-18T00:00:00","TransactionCode":3,"TransactionQuantity":24650.0,"TransactionPricePerSecurity":0.0,"AcquiredOrDisposed":0},{"SecurityTitle":"Ordinary Shares","SecuritiesOwnedFollowingTransaction":70000.0,"DirectOrIndirectOwnership":0,"TransactionDate":"2020-03-16T00:00:00","TransactionCode":0,"TransactionQuantity":30000.0,"TransactionPricePerSecurity":5.93,"AcquiredOrDisposed":0},{"SecurityTitle":"Ordinary Shares","SecuritiesOwnedFollowingTransaction":1100.0,"DirectOrIndirectOwnership":1,"TransactionDate":"2020-03-16T00:00:00","TransactionCode":0,"TransactionQuantity":1100.0,"TransactionPricePerSecurity":5.9503,"AcquiredOrDisposed":0},{"SecurityTitle":"Ordinary Shares","SecuritiesOwnedFollowingTransaction":500.0,"DirectOrIndirectOwnership":1,"TransactionDate":"2020-03-16T00:00:00","TransactionCode":0,"TransactionQuantity":500.0,"TransactionPricePerSecurity":5.895,"AcquiredOrDisposed":0},{"SecurityTitle":"Ordinary Shares","SecuritiesOwnedFollowingTransaction":128609.0,"DirectOrIndirectOwnership":0,"TransactionDate":"2020-03-16T00:00:00","TransactionCode":0,"TransactionQuantity":72000.0,"TransactionPricePerSecurity":6.6,"AcquiredOrDisposed":0},{"SecurityTitle":"Ordinary Shares","SecuritiesOwnedFollowingTransaction":1081573.0,"DirectOrIndirectOwnership":0,"TransactionDate":"2020-03-16T00:00:00","TransactionCode":0,"TransactionQuantity":50000.0,"TransactionPricePerSecurity":10.6429,"AcquiredOrDisposed":0},{"SecurityTitle":"Ordinary Shares","SecuritiesOwnedFollowingTransaction":56609.0,"DirectOrIndirectOwnership":0,"TransactionDate":"2019-09-03T00:00:00","TransactionCode":7,"TransactionQuantity":18314.0,"TransactionPricePerSecurity":null,"AcquiredOrDisposed":0},{"SecurityTitle":"Ordinary Shares","SecuritiesOwnedFollowingTransaction":114286.0,"DirectOrIndirectOwnership":1,"TransactionDate":null,"TransactionCode":null,"TransactionQuantity":null,"TransactionPricePerSecurity":null,"AcquiredOrDisposed":null},{"SecurityTitle":"Ordinary Shares","SecuritiesOwnedFollowingTransaction":174209.0,"DirectOrIndirectOwnership":0,"TransactionDate":"2019-09-03T00:00:00","TransactionCode":7,"TransactionQuantity":40165.0,"TransactionPricePerSecurity":null,"AcquiredOrDisposed":0},{"SecurityTitle":"Ordinary Shares","SecuritiesOwnedFollowingTransaction":1031573.0,"DirectOrIndirectOwnership":0,"TransactionDate":"2019-09-03T00:00:00","TransactionCode":7,"TransactionQuantity":49413.0,"TransactionPricePerSecurity":null,"AcquiredOrDisposed":0},{"SecurityTitle":"Ordinary Shares","SecuritiesOwnedFollowingTransaction":114498.0,"DirectOrIndirectOwnership":0,"TransactionDate":"2019-09-03T00:00:00","TransactionCode":7,"TransactionQuantity":17133.0,"TransactionPricePerSecurity":null,"AcquiredOrDisposed":0},{"SecurityTitle":"Ordinary Shares","SecuritiesOwnedFollowingTransaction":122058.0,"DirectOrIndirectOwnership":0,"TransactionDate":"2019-09-05T00:00:00","TransactionCode":7,"TransactionQuantity":7560.0,"TransactionPricePerSecurity":null,"AcquiredOrDisposed":0},{"SecurityTitle":"Ordinary Shares","SecuritiesOwnedFollowingTransaction":40000.0,"DirectOrIndirectOwnership":0,"TransactionDate":"2019-02-01T00:00:00","TransactionCode":3,"TransactionQuantity":40000.0,"TransactionPricePerSecurity":0.0,"AcquiredOrDisposed":0},{"SecurityTitle":"Ordinary Shares","SecuritiesOwnedFollowingTransaction":25704.0,"DirectOrIndirectOwnership":0,"TransactionDate":"2019-09-13T00:00:00","TransactionCode":1,"TransactionQuantity":69787.0,"TransactionPricePerSecurity":10.27,"AcquiredOrDisposed":1},{"SecurityTitle":"Ordinary Shares","SecuritiesOwnedFollowingTransaction":63342.0,"DirectOrIndirectOwnership":1,"TransactionDate":null,"TransactionCode":null,"TransactionQuantity":null,"TransactionPricePerSecurity":null,"AcquiredOrDisposed":null},{"SecurityTitle":"Ordinary Shares","SecuritiesOwnedFollowingTransaction":982160.0,"DirectOrIndirectOwnership":0,"TransactionDate":"2019-08-26T00:00:00","TransactionCode":7,"TransactionQuantity":32160.0,"TransactionPricePerSecurity":0.0,"AcquiredOrDisposed":0},{"SecurityTitle":"Ordinary Shares","SecuritiesOwnedFollowingTransaction":158833.0,"DirectOrIndirectOwnership":0,"TransactionDate":"2019-06-14T00:00:00","TransactionCode":5,"TransactionQuantity":84681.0,"TransactionPricePerSecurity":11.18,"AcquiredOrDisposed":1},{"SecurityTitle":"Ordinary Shares","SecuritiesOwnedFollowingTransaction":198415.0,"DirectOrIndirectOwnership":0,"TransactionDate":"2019-06-11T00:00:00","TransactionCode":3,"TransactionQuantity":198415.0,"TransactionPricePerSecurity":null,"AcquiredOrDisposed":0},{"SecurityTitle":"Ordinary Shares","SecuritiesOwnedFollowingTransaction":38295.0,"DirectOrIndirectOwnership":0,"TransactionDate":"2019-06-11T00:00:00","TransactionCode":3,"TransactionQuantity":38295.0,"TransactionPricePerSecurity":null,"AcquiredOrDisposed":0},{"SecurityTitle":"Ordinary Shares","SecuritiesOwnedFollowingTransaction":114286.0,"DirectOrIndirectOwnership":1,"TransactionDate":"2019-06-11T00:00:00","TransactionCode":3,"TransactionQuantity":114286.0,"TransactionPricePerSecurity":null,"AcquiredOrDisposed":0},{"SecurityTitle":"Ordinary Shares","SecuritiesOwnedFollowingTransaction":29875.0,"DirectOrIndirectOwnership":0,"TransactionDate":"2019-06-11T00:00:00","TransactionCode":3,"TransactionQuantity":29875.0,"TransactionPricePerSecurity":null,"AcquiredOrDisposed":0},{"SecurityTitle":"Ordinary Shares","SecuritiesOwnedFollowingTransaction":33806.0,"DirectOrIndirectOwnership":1,"TransactionDate":"2019-06-11T00:00:00","TransactionCode":3,"TransactionQuantity":33806.0,"TransactionPricePerSecurity":null,"AcquiredOrDisposed":0},{"SecurityTitle":"Ordinary Shares","SecuritiesOwnedFollowingTransaction":364384.0,"DirectOrIndirectOwnership":0,"TransactionDate":"2019-06-11T00:00:00","TransactionCode":3,"TransactionQuantity":364384.0,"TransactionPricePerSecurity":null,"AcquiredOrDisposed":0},{"SecurityTitle":"Ordinary Shares","SecuritiesOwnedFollowingTransaction":94895.0,"DirectOrIndirectOwnership":0,"TransactionDate":"2019-06-11T00:00:00","TransactionCode":3,"TransactionQuantity":94895.0,"TransactionPricePerSecurity":null,"AcquiredOrDisposed":0},{"SecurityTitle":"Ordinary Shares","SecuritiesOwnedFollowingTransaction":98817.0,"DirectOrIndirectOwnership":0,"TransactionDate":"2019-06-11T00:00:00","TransactionCode":3,"TransactionQuantity":98817.0,"TransactionPricePerSecurity":null,"AcquiredOrDisposed":0},{"SecurityTitle":"Ordinary Shares","SecuritiesOwnedFollowingTransaction":50000.0,"DirectOrIndirectOwnership":0,"TransactionDate":"2019-06-11T00:00:00","TransactionCode":3,"TransactionQuantity":50000.0,"TransactionPricePerSecurity":null,"AcquiredOrDisposed":0},{"SecurityTitle":"Ordinary Shares","SecuritiesOwnedFollowingTransaction":4000.0,"DirectOrIndirectOwnership":0,"TransactionDate":"2019-06-11T00:00:00","TransactionCode":3,"TransactionQuantity":4000.0,"TransactionPricePerSecurity":null,"AcquiredOrDisposed":0},{"SecurityTitle":"Ordinary Shares","SecuritiesOwnedFollowingTransaction":83565.0,"DirectOrIndirectOwnership":1,"TransactionDate":"2019-06-11T00:00:00","TransactionCode":3,"TransactionQuantity":83565.0,"TransactionPricePerSecurity":null,"AcquiredOrDisposed":0},{"SecurityTitle":"Ordinary Shares","SecuritiesOwnedFollowingTransaction":10000.0,"DirectOrIndirectOwnership":1,"TransactionDate":"2019-06-11T00:00:00","TransactionCode":3,"TransactionQuantity":10000.0,"TransactionPricePerSecurity":null,"AcquiredOrDisposed":0},{"SecurityTitle":"Ordinary Shares","SecuritiesOwnedFollowingTransaction":134044.0,"DirectOrIndirectOwnership":0,"TransactionDate":"2019-06-11T00:00:00","TransactionCode":3,"TransactionQuantity":134044.0,"TransactionPricePerSecurity":null,"AcquiredOrDisposed":0},{"SecurityTitle":"Ordinary Shares","SecuritiesOwnedFollowingTransaction":46721.0,"DirectOrIndirectOwnership":0,"TransactionDate":"2019-06-11T00:00:00","TransactionCode":3,"TransactionQuantity":46721.0,"TransactionPricePerSecurity":null,"AcquiredOrDisposed":0},{"SecurityTitle":"Ordinary Shares","SecuritiesOwnedFollowingTransaction":97365.0,"DirectOrIndirectOwnership":0,"TransactionDate":"2019-06-11T00:00:00","TransactionCode":3,"TransactionQuantity":97365.0,"TransactionPricePerSecurity":null,"AcquiredOrDisposed":0},{"SecurityTitle":"Ordinary Shares","SecuritiesOwnedFollowingTransaction":950000.0,"DirectOrIndirectOwnership":0,"TransactionDate":"2019-06-11T00:00:00","TransactionCode":3,"TransactionQuantity":950000.0,"TransactionPricePerSecurity":null,"AcquiredOrDisposed":0},{"SecurityTitle":"Ordinary Shares","SecuritiesOwnedFollowingTransaction":11654.0,"DirectOrIndirectOwnership":0,"TransactionDate":"2019-06-11T00:00:00","TransactionCode":3,"TransactionQuantity":11654.0,"TransactionPricePerSecurity":null,"AcquiredOrDisposed":0},{"SecurityTitle":"Ordinary Shares","SecuritiesOwnedFollowingTransaction":28769.0,"DirectOrIndirectOwnership":1,"TransactionDate":"2019-06-11T00:00:00","TransactionCode":3,"TransactionQuantity":28769.0,"TransactionPricePerSecurity":null,"AcquiredOrDisposed":0}]