[{"SecurityTitle":"Common Stock","SecuritiesOwnedFollowingTransaction":106268.0,"DirectOrIndirectOwnership":0,"TransactionDate":"2021-03-18T00:00:00","TransactionCode":1,"TransactionQuantity":35000.0,"TransactionPricePerSecurity":19.384,"AcquiredOrDisposed":1},{"SecurityTitle":"Common Stock","SecuritiesOwnedFollowingTransaction":88444.76,"DirectOrIndirectOwnership":1,"TransactionDate":"2021-03-18T00:00:00","TransactionCode":6,"TransactionQuantity":45000.0,"TransactionPricePerSecurity":19.4264,"AcquiredOrDisposed":0},{"SecurityTitle":"Common Stock","SecuritiesOwnedFollowingTransaction":135496.86,"DirectOrIndirectOwnership":1,"TransactionDate":"2021-03-18T00:00:00","TransactionCode":6,"TransactionQuantity":5000.0,"TransactionPricePerSecurity":19.74,"AcquiredOrDisposed":0},{"SecurityTitle":"Common Stock","SecuritiesOwnedFollowingTransaction":22536.0,"DirectOrIndirectOwnership":0,"TransactionDate":"2021-03-14T00:00:00","TransactionCode":7,"TransactionQuantity":4629.0,"TransactionPricePerSecurity":0.0,"AcquiredOrDisposed":0},{"SecurityTitle":"Common Stock","SecuritiesOwnedFollowingTransaction":20714.0,"DirectOrIndirectOwnership":0,"TransactionDate":"2021-03-14T00:00:00","TransactionCode":5,"TransactionQuantity":1822.0,"TransactionPricePerSecurity":21.23,"AcquiredOrDisposed":1},{"SecurityTitle":"Common Stock","SecuritiesOwnedFollowingTransaction":23800.0,"DirectOrIndirectOwnership":0,"TransactionDate":"2021-03-14T00:00:00","TransactionCode":7,"TransactionQuantity":3086.0,"TransactionPricePerSecurity":0.0,"AcquiredOrDisposed":0},{"SecurityTitle":"Common Stock","SecuritiesOwnedFollowingTransaction":20714.0,"DirectOrIndirectOwnership":0,"TransactionDate":"2021-03-14T00:00:00","TransactionCode":4,"TransactionQuantity":3086.0,"TransactionPricePerSecurity":21.23,"AcquiredOrDisposed":1},{"SecurityTitle":"Common Stock","SecuritiesOwnedFollowingTransaction":8045.0,"DirectOrIndirectOwnership":0,"TransactionDate":"2021-03-12T00:00:00","TransactionCode":0,"TransactionQuantity":4545.0,"TransactionPricePerSecurity":22.05,"AcquiredOrDisposed":0}]