[{"SecurityTitle":"Class A Common Stock","SecuritiesOwnedFollowingTransaction":9529762.0,"DirectOrIndirectOwnership":0,"TransactionDate":null,"TransactionCode":null,"TransactionQuantity":null,"TransactionPricePerSecurity":null,"AcquiredOrDisposed":null},{"SecurityTitle":"Class A Common Stock","SecuritiesOwnedFollowingTransaction":9150.0,"DirectOrIndirectOwnership":0,"TransactionDate":null,"TransactionCode":null,"TransactionQuantity":null,"TransactionPricePerSecurity":null,"AcquiredOrDisposed":null},{"SecurityTitle":"Class A Common Stock","SecuritiesOwnedFollowingTransaction":42564.0,"DirectOrIndirectOwnership":0,"TransactionDate":null,"TransactionCode":null,"TransactionQuantity":null,"TransactionPricePerSecurity":null,"AcquiredOrDisposed":null},{"SecurityTitle":"Class A Common Stock","SecuritiesOwnedFollowingTransaction":17989.0,"DirectOrIndirectOwnership":0,"TransactionDate":null,"TransactionCode":null,"TransactionQuantity":null,"TransactionPricePerSecurity":null,"AcquiredOrDisposed":null},{"SecurityTitle":"Class A Common Stock","SecuritiesOwnedFollowingTransaction":39198.0,"DirectOrIndirectOwnership":0,"TransactionDate":null,"TransactionCode":null,"TransactionQuantity":null,"TransactionPricePerSecurity":null,"AcquiredOrDisposed":null},{"SecurityTitle":"Class A Common Stock","SecuritiesOwnedFollowingTransaction":96462.0,"DirectOrIndirectOwnership":0,"TransactionDate":null,"TransactionCode":null,"TransactionQuantity":null,"TransactionPricePerSecurity":null,"AcquiredOrDisposed":null},{"SecurityTitle":"Class A Common Stock","SecuritiesOwnedFollowingTransaction":6509.0,"DirectOrIndirectOwnership":0,"TransactionDate":null,"TransactionCode":null,"TransactionQuantity":null,"TransactionPricePerSecurity":null,"AcquiredOrDisposed":null},{"SecurityTitle":"Class A Common Stock","SecuritiesOwnedFollowingTransaction":10000.0,"DirectOrIndirectOwnership":0,"TransactionDate":null,"TransactionCode":null,"TransactionQuantity":null,"TransactionPricePerSecurity":null,"AcquiredOrDisposed":null},{"SecurityTitle":"Class A Common Stock","SecuritiesOwnedFollowingTransaction":495295.5,"DirectOrIndirectOwnership":0,"TransactionDate":null,"TransactionCode":null,"TransactionQuantity":null,"TransactionPricePerSecurity":null,"AcquiredOrDisposed":null},{"SecurityTitle":"Class A Common Stock","SecuritiesOwnedFollowingTransaction":99972.64,"DirectOrIndirectOwnership":0,"TransactionDate":null,"TransactionCode":null,"TransactionQuantity":null,"TransactionPricePerSecurity":null,"AcquiredOrDisposed":null},{"SecurityTitle":"Class A Common Stock","SecuritiesOwnedFollowingTransaction":41133.105,"DirectOrIndirectOwnership":0,"TransactionDate":null,"TransactionCode":null,"TransactionQuantity":null,"TransactionPricePerSecurity":null,"AcquiredOrDisposed":null},{"SecurityTitle":"Class A Common Stock","SecuritiesOwnedFollowingTransaction":2000.0,"DirectOrIndirectOwnership":0,"TransactionDate":null,"TransactionCode":null,"TransactionQuantity":null,"TransactionPricePerSecurity":null,"AcquiredOrDisposed":null},{"SecurityTitle":"Class A Common Stock","SecuritiesOwnedFollowingTransaction":192902.78,"DirectOrIndirectOwnership":0,"TransactionDate":null,"TransactionCode":null,"TransactionQuantity":null,"TransactionPricePerSecurity":null,"AcquiredOrDisposed":null},{"SecurityTitle":"Class A Common Stock","SecuritiesOwnedFollowingTransaction":3500.0,"DirectOrIndirectOwnership":0,"TransactionDate":null,"TransactionCode":null,"TransactionQuantity":null,"TransactionPricePerSecurity":null,"AcquiredOrDisposed":null},{"SecurityTitle":"Class B Common Stock","SecuritiesOwnedFollowingTransaction":129889090.0,"DirectOrIndirectOwnership":0,"TransactionDate":null,"TransactionCode":null,"TransactionQuantity":null,"TransactionPricePerSecurity":null,"AcquiredOrDisposed":null},{"SecurityTitle":"Class B Common Stock","SecuritiesOwnedFollowingTransaction":587221600.0,"DirectOrIndirectOwnership":1,"TransactionDate":null,"TransactionCode":null,"TransactionQuantity":null,"TransactionPricePerSecurity":null,"AcquiredOrDisposed":null},{"SecurityTitle":"Class A Common Stock","SecuritiesOwnedFollowingTransaction":14942.0,"DirectOrIndirectOwnership":0,"TransactionDate":"2021-05-18T00:00:00","TransactionCode":7,"TransactionQuantity":14942.0,"TransactionPricePerSecurity":null,"AcquiredOrDisposed":0},{"SecurityTitle":"Class A Common Stock","SecuritiesOwnedFollowingTransaction":7919.0,"DirectOrIndirectOwnership":0,"TransactionDate":"2021-05-18T00:00:00","TransactionCode":5,"TransactionQuantity":7023.0,"TransactionPricePerSecurity":25.81,"AcquiredOrDisposed":1},{"SecurityTitle":"Class B Common Stock","SecuritiesOwnedFollowingTransaction":214026900.0,"DirectOrIndirectOwnership":1,"TransactionDate":"2021-05-18T00:00:00","TransactionCode":7,"TransactionQuantity":10793660.0,"TransactionPricePerSecurity":null,"AcquiredOrDisposed":1},{"SecurityTitle":"Class A Common Stock","SecuritiesOwnedFollowingTransaction":53720040.0,"DirectOrIndirectOwnership":1,"TransactionDate":"2021-05-18T00:00:00","TransactionCode":7,"TransactionQuantity":10793660.0,"TransactionPricePerSecurity":null,"AcquiredOrDisposed":0},{"SecurityTitle":"Class A Common Stock","SecuritiesOwnedFollowingTransaction":54049.0,"DirectOrIndirectOwnership":0,"TransactionDate":"2021-05-14T00:00:00","TransactionCode":7,"TransactionQuantity":12500.0,"TransactionPricePerSecurity":null,"AcquiredOrDisposed":0},{"SecurityTitle":"Class A Common Stock","SecuritiesOwnedFollowingTransaction":12500.0,"DirectOrIndirectOwnership":0,"TransactionDate":"2021-05-14T00:00:00","TransactionCode":7,"TransactionQuantity":12500.0,"TransactionPricePerSecurity":null,"AcquiredOrDisposed":0},{"SecurityTitle":"Class A Common Stock","SecuritiesOwnedFollowingTransaction":69421.0,"DirectOrIndirectOwnership":0,"TransactionDate":"2021-05-14T00:00:00","TransactionCode":7,"TransactionQuantity":12500.0,"TransactionPricePerSecurity":null,"AcquiredOrDisposed":0},{"SecurityTitle":"Class A Common Stock","SecuritiesOwnedFollowingTransaction":12500.0,"DirectOrIndirectOwnership":0,"TransactionDate":"2021-05-14T00:00:00","TransactionCode":7,"TransactionQuantity":12500.0,"TransactionPricePerSecurity":null,"AcquiredOrDisposed":0},{"SecurityTitle":"Class A Common Stock","SecuritiesOwnedFollowingTransaction":182298.0,"DirectOrIndirectOwnership":0,"TransactionDate":"2021-05-13T00:00:00","TransactionCode":3,"TransactionQuantity":21657.0,"TransactionPricePerSecurity":0.0,"AcquiredOrDisposed":0},{"SecurityTitle":"Class A Common Stock","SecuritiesOwnedFollowingTransaction":174284.0,"DirectOrIndirectOwnership":0,"TransactionDate":"2021-05-13T00:00:00","TransactionCode":5,"TransactionQuantity":8014.0,"TransactionPricePerSecurity":24.35,"AcquiredOrDisposed":1},{"SecurityTitle":"Class A Common Stock","SecuritiesOwnedFollowingTransaction":100425.0,"DirectOrIndirectOwnership":0,"TransactionDate":"2021-05-13T00:00:00","TransactionCode":3,"TransactionQuantity":14438.0,"TransactionPricePerSecurity":0.0,"AcquiredOrDisposed":0},{"SecurityTitle":"Class A Common Stock","SecuritiesOwnedFollowingTransaction":95371.0,"DirectOrIndirectOwnership":0,"TransactionDate":"2021-05-13T00:00:00","TransactionCode":5,"TransactionQuantity":5054.0,"TransactionPricePerSecurity":24.35,"AcquiredOrDisposed":1},{"SecurityTitle":"Class A Common Stock","SecuritiesOwnedFollowingTransaction":133894.0,"DirectOrIndirectOwnership":0,"TransactionDate":"2021-05-13T00:00:00","TransactionCode":3,"TransactionQuantity":21657.0,"TransactionPricePerSecurity":0.0,"AcquiredOrDisposed":0},{"SecurityTitle":"Class A Common Stock","SecuritiesOwnedFollowingTransaction":125371.0,"DirectOrIndirectOwnership":0,"TransactionDate":"2021-05-13T00:00:00","TransactionCode":5,"TransactionQuantity":8523.0,"TransactionPricePerSecurity":24.35,"AcquiredOrDisposed":1},{"SecurityTitle":"Class B Common Stock","SecuritiesOwnedFollowingTransaction":224820560.0,"DirectOrIndirectOwnership":1,"TransactionDate":"2021-05-05T00:00:00","TransactionCode":7,"TransactionQuantity":42926380.0,"TransactionPricePerSecurity":null,"AcquiredOrDisposed":1},{"SecurityTitle":"Class A Common Stock","SecuritiesOwnedFollowingTransaction":42926380.0,"DirectOrIndirectOwnership":1,"TransactionDate":"2021-05-05T00:00:00","TransactionCode":7,"TransactionQuantity":42926380.0,"TransactionPricePerSecurity":null,"AcquiredOrDisposed":0},{"SecurityTitle":"Class A Common Stock","SecuritiesOwnedFollowingTransaction":0.0,"DirectOrIndirectOwnership":1,"TransactionDate":"2021-04-29T00:00:00","TransactionCode":1,"TransactionQuantity":43685724.0,"TransactionPricePerSecurity":22.23,"AcquiredOrDisposed":1},{"SecurityTitle":"Class A Common Stock","SecuritiesOwnedFollowingTransaction":168655.0,"DirectOrIndirectOwnership":0,"TransactionDate":"2021-04-26T00:00:00","TransactionCode":7,"TransactionQuantity":21657.0,"TransactionPricePerSecurity":null,"AcquiredOrDisposed":0},{"SecurityTitle":"Class A Common Stock","SecuritiesOwnedFollowingTransaction":160641.0,"DirectOrIndirectOwnership":0,"TransactionDate":"2021-04-26T00:00:00","TransactionCode":5,"TransactionQuantity":8014.0,"TransactionPricePerSecurity":20.14,"AcquiredOrDisposed":1},{"SecurityTitle":"Class A Common Stock","SecuritiesOwnedFollowingTransaction":91041.0,"DirectOrIndirectOwnership":0,"TransactionDate":"2021-04-26T00:00:00","TransactionCode":7,"TransactionQuantity":14438.0,"TransactionPricePerSecurity":null,"AcquiredOrDisposed":0},{"SecurityTitle":"Class A Common Stock","SecuritiesOwnedFollowingTransaction":85987.0,"DirectOrIndirectOwnership":0,"TransactionDate":"2021-04-26T00:00:00","TransactionCode":5,"TransactionQuantity":5054.0,"TransactionPricePerSecurity":20.14,"AcquiredOrDisposed":1},{"SecurityTitle":"Class A Common Stock","SecuritiesOwnedFollowingTransaction":120760.0,"DirectOrIndirectOwnership":0,"TransactionDate":"2021-04-26T00:00:00","TransactionCode":7,"TransactionQuantity":21657.0,"TransactionPricePerSecurity":null,"AcquiredOrDisposed":0},{"SecurityTitle":"Class A Common Stock","SecuritiesOwnedFollowingTransaction":112237.0,"DirectOrIndirectOwnership":0,"TransactionDate":"2021-04-26T00:00:00","TransactionCode":5,"TransactionQuantity":8523.0,"TransactionPricePerSecurity":20.14,"AcquiredOrDisposed":1},{"SecurityTitle":"Class A Common Stock","SecuritiesOwnedFollowingTransaction":9580476.0,"DirectOrIndirectOwnership":0,"TransactionDate":"2021-04-22T00:00:00","TransactionCode":1,"TransactionQuantity":170000.0,"TransactionPricePerSecurity":67.9873,"AcquiredOrDisposed":1},{"SecurityTitle":"Class A Common Stock","SecuritiesOwnedFollowingTransaction":20063.61,"DirectOrIndirectOwnership":0,"TransactionDate":"2021-04-20T00:00:00","TransactionCode":7,"TransactionQuantity":19731.0,"TransactionPricePerSecurity":0.0,"AcquiredOrDisposed":0},{"SecurityTitle":"Class A Common Stock","SecuritiesOwnedFollowingTransaction":15258.61,"DirectOrIndirectOwnership":0,"TransactionDate":"2021-04-20T00:00:00","TransactionCode":5,"TransactionQuantity":4805.0,"TransactionPricePerSecurity":19.51,"AcquiredOrDisposed":1},{"SecurityTitle":"Class A Common Stock","SecuritiesOwnedFollowingTransaction":25537.0,"DirectOrIndirectOwnership":0,"TransactionDate":"2021-04-12T00:00:00","TransactionCode":1,"TransactionQuantity":11438.0,"TransactionPricePerSecurity":20.33,"AcquiredOrDisposed":1},{"SecurityTitle":"Class A Common Stock","SecuritiesOwnedFollowingTransaction":9750476.0,"DirectOrIndirectOwnership":0,"TransactionDate":"2021-04-09T00:00:00","TransactionCode":1,"TransactionQuantity":189188.0,"TransactionPricePerSecurity":60.8595,"AcquiredOrDisposed":1},{"SecurityTitle":"Class A Common Stock","SecuritiesOwnedFollowingTransaction":10346176.0,"DirectOrIndirectOwnership":0,"TransactionDate":"2021-04-07T00:00:00","TransactionCode":1,"TransactionQuantity":466919.0,"TransactionPricePerSecurity":64.6014,"AcquiredOrDisposed":1},{"SecurityTitle":"Class A Common Stock","SecuritiesOwnedFollowingTransaction":9939664.0,"DirectOrIndirectOwnership":0,"TransactionDate":"2021-04-08T00:00:00","TransactionCode":1,"TransactionQuantity":406512.0,"TransactionPricePerSecurity":63.8443,"AcquiredOrDisposed":1},{"SecurityTitle":"Class B Common Stock","SecuritiesOwnedFollowingTransaction":267746940.0,"DirectOrIndirectOwnership":1,"TransactionDate":"2021-03-25T00:00:00","TransactionCode":7,"TransactionQuantity":6856862.0,"TransactionPricePerSecurity":null,"AcquiredOrDisposed":1},{"SecurityTitle":"Class A Common Stock","SecuritiesOwnedFollowingTransaction":43685724.0,"DirectOrIndirectOwnership":1,"TransactionDate":"2021-03-25T00:00:00","TransactionCode":7,"TransactionQuantity":6856862.0,"TransactionPricePerSecurity":null,"AcquiredOrDisposed":0},{"SecurityTitle":"Class A Common Stock","SecuritiesOwnedFollowingTransaction":161579.0,"DirectOrIndirectOwnership":0,"TransactionDate":"2021-03-16T00:00:00","TransactionCode":3,"TransactionQuantity":39405.0,"TransactionPricePerSecurity":0.0,"AcquiredOrDisposed":0},{"SecurityTitle":"Class A Common Stock","SecuritiesOwnedFollowingTransaction":146998.0,"DirectOrIndirectOwnership":0,"TransactionDate":"2021-03-16T00:00:00","TransactionCode":5,"TransactionQuantity":14581.0,"TransactionPricePerSecurity":23.02,"AcquiredOrDisposed":1},{"SecurityTitle":"Class A Common Stock","SecuritiesOwnedFollowingTransaction":58734.5,"DirectOrIndirectOwnership":0,"TransactionDate":"2021-03-16T00:00:00","TransactionCode":3,"TransactionQuantity":22517.0,"TransactionPricePerSecurity":0.0,"AcquiredOrDisposed":0},{"SecurityTitle":"Class A Common Stock","SecuritiesOwnedFollowingTransaction":49872.5,"DirectOrIndirectOwnership":0,"TransactionDate":"2021-03-16T00:00:00","TransactionCode":5,"TransactionQuantity":8862.0,"TransactionPricePerSecurity":23.02,"AcquiredOrDisposed":1},{"SecurityTitle":"Class A Common Stock","SecuritiesOwnedFollowingTransaction":463241.0,"DirectOrIndirectOwnership":0,"TransactionDate":"2021-03-16T00:00:00","TransactionCode":3,"TransactionQuantity":101328.0,"TransactionPricePerSecurity":0.0,"AcquiredOrDisposed":0},{"SecurityTitle":"Class A Common Stock","SecuritiesOwnedFollowingTransaction":423367.0,"DirectOrIndirectOwnership":0,"TransactionDate":"2021-03-16T00:00:00","TransactionCode":5,"TransactionQuantity":39874.0,"TransactionPricePerSecurity":23.02,"AcquiredOrDisposed":1},{"SecurityTitle":"Class A Common Stock","SecuritiesOwnedFollowingTransaction":73469.0,"DirectOrIndirectOwnership":0,"TransactionDate":"2021-03-16T00:00:00","TransactionCode":3,"TransactionQuantity":22517.0,"TransactionPricePerSecurity":0.0,"AcquiredOrDisposed":0},{"SecurityTitle":"Class A Common Stock","SecuritiesOwnedFollowingTransaction":62885.0,"DirectOrIndirectOwnership":0,"TransactionDate":"2021-03-16T00:00:00","TransactionCode":5,"TransactionQuantity":10584.0,"TransactionPricePerSecurity":23.02,"AcquiredOrDisposed":1},{"SecurityTitle":"Class A Common Stock","SecuritiesOwnedFollowingTransaction":36975.0,"DirectOrIndirectOwnership":0,"TransactionDate":"2021-03-16T00:00:00","TransactionCode":3,"TransactionQuantity":9006.0,"TransactionPricePerSecurity":0.0,"AcquiredOrDisposed":0},{"SecurityTitle":"Class A Common Stock","SecuritiesOwnedFollowingTransaction":84485.0,"DirectOrIndirectOwnership":0,"TransactionDate":"2021-03-16T00:00:00","TransactionCode":3,"TransactionQuantity":22517.0,"TransactionPricePerSecurity":0.0,"AcquiredOrDisposed":0},{"SecurityTitle":"Class A Common Stock","SecuritiesOwnedFollowingTransaction":76603.0,"DirectOrIndirectOwnership":0,"TransactionDate":"2021-03-16T00:00:00","TransactionCode":5,"TransactionQuantity":7882.0,"TransactionPricePerSecurity":23.02,"AcquiredOrDisposed":1},{"SecurityTitle":"Class A Common Stock","SecuritiesOwnedFollowingTransaction":13276.0,"DirectOrIndirectOwnership":0,"TransactionDate":"2021-03-16T00:00:00","TransactionCode":3,"TransactionQuantity":3602.0,"TransactionPricePerSecurity":0.0,"AcquiredOrDisposed":0},{"SecurityTitle":"Class A Common Stock","SecuritiesOwnedFollowingTransaction":11582.0,"DirectOrIndirectOwnership":0,"TransactionDate":"2021-03-16T00:00:00","TransactionCode":5,"TransactionQuantity":1694.0,"TransactionPricePerSecurity":23.02,"AcquiredOrDisposed":1},{"SecurityTitle":"Class A Common Stock","SecuritiesOwnedFollowingTransaction":110179.0,"DirectOrIndirectOwnership":0,"TransactionDate":"2021-03-16T00:00:00","TransactionCode":3,"TransactionQuantity":28146.0,"TransactionPricePerSecurity":0.0,"AcquiredOrDisposed":0},{"SecurityTitle":"Class A Common Stock","SecuritiesOwnedFollowingTransaction":99103.0,"DirectOrIndirectOwnership":0,"TransactionDate":"2021-03-16T00:00:00","TransactionCode":5,"TransactionQuantity":11076.0,"TransactionPricePerSecurity":23.02,"AcquiredOrDisposed":1},{"SecurityTitle":"Class B Common Stock","SecuritiesOwnedFollowingTransaction":274603800.0,"DirectOrIndirectOwnership":1,"TransactionDate":"2021-03-15T00:00:00","TransactionCode":7,"TransactionQuantity":9249677.0,"TransactionPricePerSecurity":null,"AcquiredOrDisposed":1},{"SecurityTitle":"Class A Common Stock","SecuritiesOwnedFollowingTransaction":36828860.0,"DirectOrIndirectOwnership":1,"TransactionDate":"2021-03-15T00:00:00","TransactionCode":7,"TransactionQuantity":9249677.0,"TransactionPricePerSecurity":null,"AcquiredOrDisposed":0},{"SecurityTitle":"Class B Common Stock","SecuritiesOwnedFollowingTransaction":283853470.0,"DirectOrIndirectOwnership":1,"TransactionDate":"2021-03-01T00:00:00","TransactionCode":7,"TransactionQuantity":27579184.0,"TransactionPricePerSecurity":null,"AcquiredOrDisposed":1},{"SecurityTitle":"Class A Common Stock","SecuritiesOwnedFollowingTransaction":27579184.0,"DirectOrIndirectOwnership":1,"TransactionDate":"2021-03-01T00:00:00","TransactionCode":7,"TransactionQuantity":27579184.0,"TransactionPricePerSecurity":null,"AcquiredOrDisposed":0},{"SecurityTitle":"Class A Common Stock","SecuritiesOwnedFollowingTransaction":95924.0,"DirectOrIndirectOwnership":0,"TransactionDate":"2021-01-22T00:00:00","TransactionCode":7,"TransactionQuantity":8205.0,"TransactionPricePerSecurity":null,"AcquiredOrDisposed":0},{"SecurityTitle":"Class A Common Stock","SecuritiesOwnedFollowingTransaction":94118.0,"DirectOrIndirectOwnership":0,"TransactionDate":"2021-01-22T00:00:00","TransactionCode":5,"TransactionQuantity":1806.0,"TransactionPricePerSecurity":22.17,"AcquiredOrDisposed":1},{"SecurityTitle":"Class A Common Stock","SecuritiesOwnedFollowingTransaction":119838.0,"DirectOrIndirectOwnership":0,"TransactionDate":"2021-01-22T00:00:00","TransactionCode":7,"TransactionQuantity":25720.0,"TransactionPricePerSecurity":null,"AcquiredOrDisposed":0},{"SecurityTitle":"Class A Common Stock","SecuritiesOwnedFollowingTransaction":114179.0,"DirectOrIndirectOwnership":0,"TransactionDate":"2021-01-22T00:00:00","TransactionCode":5,"TransactionQuantity":5659.0,"TransactionPricePerSecurity":22.17,"AcquiredOrDisposed":1},{"SecurityTitle":"Class A Common Stock","SecuritiesOwnedFollowingTransaction":126871.0,"DirectOrIndirectOwnership":0,"TransactionDate":"2021-01-25T00:00:00","TransactionCode":7,"TransactionQuantity":12692.0,"TransactionPricePerSecurity":null,"AcquiredOrDisposed":0},{"SecurityTitle":"Class A Common Stock","SecuritiesOwnedFollowingTransaction":122174.0,"DirectOrIndirectOwnership":0,"TransactionDate":"2021-01-25T00:00:00","TransactionCode":5,"TransactionQuantity":4697.0,"TransactionPricePerSecurity":21.05,"AcquiredOrDisposed":1},{"SecurityTitle":"Class A Common Stock","SecuritiesOwnedFollowingTransaction":20570.715,"DirectOrIndirectOwnership":0,"TransactionDate":"2021-01-22T00:00:00","TransactionCode":7,"TransactionQuantity":4688.0,"TransactionPricePerSecurity":null,"AcquiredOrDisposed":0},{"SecurityTitle":"Class A Common Stock","SecuritiesOwnedFollowingTransaction":19180.715,"DirectOrIndirectOwnership":0,"TransactionDate":"2021-01-22T00:00:00","TransactionCode":5,"TransactionQuantity":1390.0,"TransactionPricePerSecurity":22.17,"AcquiredOrDisposed":1},{"SecurityTitle":"Class A Common Stock","SecuritiesOwnedFollowingTransaction":33877.715,"DirectOrIndirectOwnership":0,"TransactionDate":"2021-01-22T00:00:00","TransactionCode":7,"TransactionQuantity":14697.0,"TransactionPricePerSecurity":null,"AcquiredOrDisposed":0},{"SecurityTitle":"Class A Common Stock","SecuritiesOwnedFollowingTransaction":30296.715,"DirectOrIndirectOwnership":0,"TransactionDate":"2021-01-22T00:00:00","TransactionCode":5,"TransactionQuantity":3581.0,"TransactionPricePerSecurity":22.17,"AcquiredOrDisposed":1},{"SecurityTitle":"Class A Common Stock","SecuritiesOwnedFollowingTransaction":37549.715,"DirectOrIndirectOwnership":0,"TransactionDate":"2021-01-25T00:00:00","TransactionCode":7,"TransactionQuantity":7253.0,"TransactionPricePerSecurity":null,"AcquiredOrDisposed":0},{"SecurityTitle":"Class A Common Stock","SecuritiesOwnedFollowingTransaction":36217.5,"DirectOrIndirectOwnership":0,"TransactionDate":"2021-01-25T00:00:00","TransactionCode":5,"TransactionQuantity":1767.0,"TransactionPricePerSecurity":21.05,"AcquiredOrDisposed":1},{"SecurityTitle":"Class A Common Stock","SecuritiesOwnedFollowingTransaction":308193.0,"DirectOrIndirectOwnership":0,"TransactionDate":"2021-01-22T00:00:00","TransactionCode":7,"TransactionQuantity":21097.0,"TransactionPricePerSecurity":null,"AcquiredOrDisposed":0},{"SecurityTitle":"Class A Common Stock","SecuritiesOwnedFollowingTransaction":302863.0,"DirectOrIndirectOwnership":0,"TransactionDate":"2021-01-22T00:00:00","TransactionCode":5,"TransactionQuantity":5330.0,"TransactionPricePerSecurity":22.17,"AcquiredOrDisposed":1},{"SecurityTitle":"Class A Common Stock","SecuritiesOwnedFollowingTransaction":361651.0,"DirectOrIndirectOwnership":0,"TransactionDate":"2021-01-22T00:00:00","TransactionCode":7,"TransactionQuantity":58788.0,"TransactionPricePerSecurity":null,"AcquiredOrDisposed":0},{"SecurityTitle":"Class A Common Stock","SecuritiesOwnedFollowingTransaction":342119.0,"DirectOrIndirectOwnership":0,"TransactionDate":"2021-01-22T00:00:00","TransactionCode":5,"TransactionQuantity":19532.0,"TransactionPricePerSecurity":22.17,"AcquiredOrDisposed":1},{"SecurityTitle":"Class A Common Stock","SecuritiesOwnedFollowingTransaction":374756.0,"DirectOrIndirectOwnership":0,"TransactionDate":"2021-01-25T00:00:00","TransactionCode":7,"TransactionQuantity":32637.0,"TransactionPricePerSecurity":null,"AcquiredOrDisposed":0},{"SecurityTitle":"Class A Common Stock","SecuritiesOwnedFollowingTransaction":361913.0,"DirectOrIndirectOwnership":0,"TransactionDate":"2021-01-25T00:00:00","TransactionCode":5,"TransactionQuantity":12843.0,"TransactionPricePerSecurity":21.05,"AcquiredOrDisposed":1},{"SecurityTitle":"Class A Common Stock","SecuritiesOwnedFollowingTransaction":41523.0,"DirectOrIndirectOwnership":0,"TransactionDate":"2021-01-22T00:00:00","TransactionCode":7,"TransactionQuantity":4688.0,"TransactionPricePerSecurity":null,"AcquiredOrDisposed":0},{"SecurityTitle":"Class A Common Stock","SecuritiesOwnedFollowingTransaction":39319.0,"DirectOrIndirectOwnership":0,"TransactionDate":"2021-01-22T00:00:00","TransactionCode":5,"TransactionQuantity":2204.0,"TransactionPricePerSecurity":22.17,"AcquiredOrDisposed":1},{"SecurityTitle":"Class A Common Stock","SecuritiesOwnedFollowingTransaction":54016.0,"DirectOrIndirectOwnership":0,"TransactionDate":"2021-01-22T00:00:00","TransactionCode":7,"TransactionQuantity":14697.0,"TransactionPricePerSecurity":null,"AcquiredOrDisposed":0},{"SecurityTitle":"Class A Common Stock","SecuritiesOwnedFollowingTransaction":47108.0,"DirectOrIndirectOwnership":0,"TransactionDate":"2021-01-22T00:00:00","TransactionCode":5,"TransactionQuantity":6908.0,"TransactionPricePerSecurity":22.17,"AcquiredOrDisposed":1},{"SecurityTitle":"Class A Common Stock","SecuritiesOwnedFollowingTransaction":54361.0,"DirectOrIndirectOwnership":0,"TransactionDate":"2021-01-25T00:00:00","TransactionCode":7,"TransactionQuantity":7253.0,"TransactionPricePerSecurity":null,"AcquiredOrDisposed":0},{"SecurityTitle":"Class A Common Stock","SecuritiesOwnedFollowingTransaction":50952.0,"DirectOrIndirectOwnership":0,"TransactionDate":"2021-01-25T00:00:00","TransactionCode":5,"TransactionQuantity":3409.0,"TransactionPricePerSecurity":21.05,"AcquiredOrDisposed":1},{"SecurityTitle":"Class A Common Stock","SecuritiesOwnedFollowingTransaction":11508.0,"DirectOrIndirectOwnership":0,"TransactionDate":"2021-01-22T00:00:00","TransactionCode":7,"TransactionQuantity":1875.0,"TransactionPricePerSecurity":null,"AcquiredOrDisposed":0},{"SecurityTitle":"Class A Common Stock","SecuritiesOwnedFollowingTransaction":22530.0,"DirectOrIndirectOwnership":0,"TransactionDate":"2021-01-22T00:00:00","TransactionCode":7,"TransactionQuantity":11022.0,"TransactionPricePerSecurity":null,"AcquiredOrDisposed":0},{"SecurityTitle":"Class A Common Stock","SecuritiesOwnedFollowingTransaction":27969.0,"DirectOrIndirectOwnership":0,"TransactionDate":"2021-01-25T00:00:00","TransactionCode":7,"TransactionQuantity":5439.0,"TransactionPricePerSecurity":null,"AcquiredOrDisposed":0},{"SecurityTitle":"Class A Common Stock","SecuritiesOwnedFollowingTransaction":49342.0,"DirectOrIndirectOwnership":0,"TransactionDate":"2021-01-22T00:00:00","TransactionCode":7,"TransactionQuantity":4688.0,"TransactionPricePerSecurity":null,"AcquiredOrDisposed":0},{"SecurityTitle":"Class A Common Stock","SecuritiesOwnedFollowingTransaction":47701.0,"DirectOrIndirectOwnership":0,"TransactionDate":"2021-01-22T00:00:00","TransactionCode":5,"TransactionQuantity":1641.0,"TransactionPricePerSecurity":22.17,"AcquiredOrDisposed":1},{"SecurityTitle":"Class A Common Stock","SecuritiesOwnedFollowingTransaction":62398.0,"DirectOrIndirectOwnership":0,"TransactionDate":"2021-01-22T00:00:00","TransactionCode":7,"TransactionQuantity":14697.0,"TransactionPricePerSecurity":null,"AcquiredOrDisposed":0},{"SecurityTitle":"Class A Common Stock","SecuritiesOwnedFollowingTransaction":57254.0,"DirectOrIndirectOwnership":0,"TransactionDate":"2021-01-22T00:00:00","TransactionCode":5,"TransactionQuantity":5144.0,"TransactionPricePerSecurity":22.17,"AcquiredOrDisposed":1},{"SecurityTitle":"Class A Common Stock","SecuritiesOwnedFollowingTransaction":64507.0,"DirectOrIndirectOwnership":0,"TransactionDate":"2021-01-25T00:00:00","TransactionCode":7,"TransactionQuantity":7253.0,"TransactionPricePerSecurity":null,"AcquiredOrDisposed":0},{"SecurityTitle":"Class A Common Stock","SecuritiesOwnedFollowingTransaction":61968.0,"DirectOrIndirectOwnership":0,"TransactionDate":"2021-01-25T00:00:00","TransactionCode":5,"TransactionQuantity":2539.0,"TransactionPricePerSecurity":21.05,"AcquiredOrDisposed":1},{"SecurityTitle":"Class A Common Stock","SecuritiesOwnedFollowingTransaction":6192.0,"DirectOrIndirectOwnership":0,"TransactionDate":"2021-01-22T00:00:00","TransactionCode":7,"TransactionQuantity":1500.0,"TransactionPricePerSecurity":null,"AcquiredOrDisposed":0},{"SecurityTitle":"Class A Common Stock","SecuritiesOwnedFollowingTransaction":5487.0,"DirectOrIndirectOwnership":0,"TransactionDate":"2021-01-22T00:00:00","TransactionCode":5,"TransactionQuantity":705.0,"TransactionPricePerSecurity":22.17,"AcquiredOrDisposed":1},{"SecurityTitle":"Class A Common Stock","SecuritiesOwnedFollowingTransaction":10778.0,"DirectOrIndirectOwnership":0,"TransactionDate":"2021-01-22T00:00:00","TransactionCode":7,"TransactionQuantity":5291.0,"TransactionPricePerSecurity":null,"AcquiredOrDisposed":0},{"SecurityTitle":"Class A Common Stock","SecuritiesOwnedFollowingTransaction":8291.0,"DirectOrIndirectOwnership":0,"TransactionDate":"2021-01-22T00:00:00","TransactionCode":5,"TransactionQuantity":2487.0,"TransactionPricePerSecurity":22.17,"AcquiredOrDisposed":1},{"SecurityTitle":"Class A Common Stock","SecuritiesOwnedFollowingTransaction":10902.0,"DirectOrIndirectOwnership":0,"TransactionDate":"2021-01-25T00:00:00","TransactionCode":7,"TransactionQuantity":2611.0,"TransactionPricePerSecurity":null,"AcquiredOrDisposed":0},{"SecurityTitle":"Class A Common Stock","SecuritiesOwnedFollowingTransaction":9674.0,"DirectOrIndirectOwnership":0,"TransactionDate":"2021-01-25T00:00:00","TransactionCode":5,"TransactionQuantity":1228.0,"TransactionPricePerSecurity":21.05,"AcquiredOrDisposed":1},{"SecurityTitle":"Class A Common Stock","SecuritiesOwnedFollowingTransaction":62957.0,"DirectOrIndirectOwnership":0,"TransactionDate":"2021-01-22T00:00:00","TransactionCode":7,"TransactionQuantity":5860.0,"TransactionPricePerSecurity":null,"AcquiredOrDisposed":0},{"SecurityTitle":"Class A Common Stock","SecuritiesOwnedFollowingTransaction":61261.0,"DirectOrIndirectOwnership":0,"TransactionDate":"2021-01-22T00:00:00","TransactionCode":5,"TransactionQuantity":1696.0,"TransactionPricePerSecurity":22.17,"AcquiredOrDisposed":1},{"SecurityTitle":"Class A Common Stock","SecuritiesOwnedFollowingTransaction":79632.0,"DirectOrIndirectOwnership":0,"TransactionDate":"2021-01-22T00:00:00","TransactionCode":7,"TransactionQuantity":18371.0,"TransactionPricePerSecurity":null,"AcquiredOrDisposed":0},{"SecurityTitle":"Class A Common Stock","SecuritiesOwnedFollowingTransaction":75175.0,"DirectOrIndirectOwnership":0,"TransactionDate":"2021-01-22T00:00:00","TransactionCode":5,"TransactionQuantity":4457.0,"TransactionPricePerSecurity":22.17,"AcquiredOrDisposed":1},{"SecurityTitle":"Class A Common Stock","SecuritiesOwnedFollowingTransaction":84241.0,"DirectOrIndirectOwnership":0,"TransactionDate":"2021-01-25T00:00:00","TransactionCode":7,"TransactionQuantity":9066.0,"TransactionPricePerSecurity":null,"AcquiredOrDisposed":0},{"SecurityTitle":"Class A Common Stock","SecuritiesOwnedFollowingTransaction":82033.0,"DirectOrIndirectOwnership":0,"TransactionDate":"2021-01-25T00:00:00","TransactionCode":5,"TransactionQuantity":2208.0,"TransactionPricePerSecurity":21.05,"AcquiredOrDisposed":1},{"SecurityTitle":"Class A Common Stock","SecuritiesOwnedFollowingTransaction":0.0,"DirectOrIndirectOwnership":1,"TransactionDate":"2021-01-22T00:00:00","TransactionCode":1,"TransactionQuantity":38007040.0,"TransactionPricePerSecurity":19.34,"AcquiredOrDisposed":1},{"SecurityTitle":"Class A Common Stock","SecuritiesOwnedFollowingTransaction":19893.0,"DirectOrIndirectOwnership":0,"TransactionDate":"2020-12-15T00:00:00","TransactionCode":7,"TransactionQuantity":4893.0,"TransactionPricePerSecurity":null,"AcquiredOrDisposed":0},{"SecurityTitle":"Class A Common Stock","SecuritiesOwnedFollowingTransaction":27733.0,"DirectOrIndirectOwnership":0,"TransactionDate":"2020-12-15T00:00:00","TransactionCode":7,"TransactionQuantity":7840.0,"TransactionPricePerSecurity":null,"AcquiredOrDisposed":0},{"SecurityTitle":"Class A Common Stock","SecuritiesOwnedFollowingTransaction":17819.0,"DirectOrIndirectOwnership":0,"TransactionDate":null,"TransactionCode":null,"TransactionQuantity":null,"TransactionPricePerSecurity":null,"AcquiredOrDisposed":null},{"SecurityTitle":"Class A Common Stock","SecuritiesOwnedFollowingTransaction":10813095.0,"DirectOrIndirectOwnership":0,"TransactionDate":"2020-12-11T00:00:00","TransactionCode":8,"TransactionQuantity":1283333.0,"TransactionPricePerSecurity":null,"AcquiredOrDisposed":0},{"SecurityTitle":"Class B Common Stock","SecuritiesOwnedFollowingTransaction":311432670.0,"DirectOrIndirectOwnership":1,"TransactionDate":"2020-11-18T00:00:00","TransactionCode":7,"TransactionQuantity":5974924.0,"TransactionPricePerSecurity":null,"AcquiredOrDisposed":1},{"SecurityTitle":"Class A Common Stock","SecuritiesOwnedFollowingTransaction":38007040.0,"DirectOrIndirectOwnership":1,"TransactionDate":"2020-11-18T00:00:00","TransactionCode":7,"TransactionQuantity":5974924.0,"TransactionPricePerSecurity":null,"AcquiredOrDisposed":0},{"SecurityTitle":"Class B Common Stock","SecuritiesOwnedFollowingTransaction":317407580.0,"DirectOrIndirectOwnership":1,"TransactionDate":"2020-10-27T00:00:00","TransactionCode":7,"TransactionQuantity":32032116.0,"TransactionPricePerSecurity":null,"AcquiredOrDisposed":1},{"SecurityTitle":"Class A Common Stock","SecuritiesOwnedFollowingTransaction":32032116.0,"DirectOrIndirectOwnership":1,"TransactionDate":"2020-10-27T00:00:00","TransactionCode":7,"TransactionQuantity":32032116.0,"TransactionPricePerSecurity":null,"AcquiredOrDisposed":0},{"SecurityTitle":"Class A Common Stock","SecuritiesOwnedFollowingTransaction":0.0,"DirectOrIndirectOwnership":1,"TransactionDate":"2020-10-22T00:00:00","TransactionCode":1,"TransactionQuantity":27988184.0,"TransactionPricePerSecurity":14.91,"AcquiredOrDisposed":1},{"SecurityTitle":"Class A Common Stock","SecuritiesOwnedFollowingTransaction":287096.0,"DirectOrIndirectOwnership":0,"TransactionDate":"2020-09-02T00:00:00","TransactionCode":0,"TransactionQuantity":71275.0,"TransactionPricePerSecurity":14.1158,"AcquiredOrDisposed":0},{"SecurityTitle":"Class A Common Stock","SecuritiesOwnedFollowingTransaction":239647.0,"DirectOrIndirectOwnership":0,"TransactionDate":"2020-08-01T00:00:00","TransactionCode":7,"TransactionQuantity":60547.0,"TransactionPricePerSecurity":null,"AcquiredOrDisposed":0},{"SecurityTitle":"Class A Common Stock","SecuritiesOwnedFollowingTransaction":215821.0,"DirectOrIndirectOwnership":0,"TransactionDate":"2020-08-01T00:00:00","TransactionCode":5,"TransactionQuantity":23826.0,"TransactionPricePerSecurity":15.63,"AcquiredOrDisposed":1},{"SecurityTitle":"Class A Common Stock","SecuritiesOwnedFollowingTransaction":65622.0,"DirectOrIndirectOwnership":0,"TransactionDate":"2020-07-31T00:00:00","TransactionCode":7,"TransactionQuantity":22027.0,"TransactionPricePerSecurity":null,"AcquiredOrDisposed":0},{"SecurityTitle":"Class A Common Stock","SecuritiesOwnedFollowingTransaction":57097.0,"DirectOrIndirectOwnership":0,"TransactionDate":"2020-07-31T00:00:00","TransactionCode":5,"TransactionQuantity":8525.0,"TransactionPricePerSecurity":15.49,"AcquiredOrDisposed":1},{"SecurityTitle":"Class A Common Stock","SecuritiesOwnedFollowingTransaction":99963.0,"DirectOrIndirectOwnership":0,"TransactionDate":"2020-07-31T00:00:00","TransactionCode":7,"TransactionQuantity":33087.0,"TransactionPricePerSecurity":null,"AcquiredOrDisposed":0},{"SecurityTitle":"Class A Common Stock","SecuritiesOwnedFollowingTransaction":87719.0,"DirectOrIndirectOwnership":0,"TransactionDate":"2020-07-31T00:00:00","TransactionCode":5,"TransactionQuantity":12244.0,"TransactionPricePerSecurity":15.49,"AcquiredOrDisposed":1},{"SecurityTitle":"Class A Common Stock","SecuritiesOwnedFollowingTransaction":19090.715,"DirectOrIndirectOwnership":0,"TransactionDate":"2020-07-31T00:00:00","TransactionCode":7,"TransactionQuantity":9098.0,"TransactionPricePerSecurity":null,"AcquiredOrDisposed":0},{"SecurityTitle":"Class A Common Stock","SecuritiesOwnedFollowingTransaction":15882.714,"DirectOrIndirectOwnership":0,"TransactionDate":"2020-07-31T00:00:00","TransactionCode":5,"TransactionQuantity":3208.0,"TransactionPricePerSecurity":15.49,"AcquiredOrDisposed":1},{"SecurityTitle":"Class A Common Stock","SecuritiesOwnedFollowingTransaction":45094.0,"DirectOrIndirectOwnership":0,"TransactionDate":"2020-07-31T00:00:00","TransactionCode":7,"TransactionQuantity":17569.0,"TransactionPricePerSecurity":null,"AcquiredOrDisposed":0},{"SecurityTitle":"Class A Common Stock","SecuritiesOwnedFollowingTransaction":36835.0,"DirectOrIndirectOwnership":0,"TransactionDate":"2020-07-31T00:00:00","TransactionCode":5,"TransactionQuantity":8259.0,"TransactionPricePerSecurity":15.49,"AcquiredOrDisposed":1},{"SecurityTitle":"Class A Common Stock","SecuritiesOwnedFollowingTransaction":9633.0,"DirectOrIndirectOwnership":0,"TransactionDate":"2020-07-31T00:00:00","TransactionCode":7,"TransactionQuantity":9633.0,"TransactionPricePerSecurity":null,"AcquiredOrDisposed":0},{"SecurityTitle":"Class A Common Stock","SecuritiesOwnedFollowingTransaction":51272.0,"DirectOrIndirectOwnership":0,"TransactionDate":"2020-07-31T00:00:00","TransactionCode":7,"TransactionQuantity":18907.0,"TransactionPricePerSecurity":null,"AcquiredOrDisposed":0},{"SecurityTitle":"Class A Common Stock","SecuritiesOwnedFollowingTransaction":44654.0,"DirectOrIndirectOwnership":0,"TransactionDate":"2020-07-31T00:00:00","TransactionCode":5,"TransactionQuantity":6618.0,"TransactionPricePerSecurity":15.49,"AcquiredOrDisposed":1},{"SecurityTitle":"Class A Common Stock","SecuritiesOwnedFollowingTransaction":6923.0,"DirectOrIndirectOwnership":0,"TransactionDate":"2020-07-31T00:00:00","TransactionCode":7,"TransactionQuantity":4745.0,"TransactionPricePerSecurity":null,"AcquiredOrDisposed":0},{"SecurityTitle":"Class A Common Stock","SecuritiesOwnedFollowingTransaction":4692.0,"DirectOrIndirectOwnership":0,"TransactionDate":"2020-07-31T00:00:00","TransactionCode":5,"TransactionQuantity":2231.0,"TransactionPricePerSecurity":15.49,"AcquiredOrDisposed":1},{"SecurityTitle":"Class B Common Stock","SecuritiesOwnedFollowingTransaction":349439700.0,"DirectOrIndirectOwnership":1,"TransactionDate":"2020-07-28T00:00:00","TransactionCode":7,"TransactionQuantity":27988184.0,"TransactionPricePerSecurity":null,"AcquiredOrDisposed":1},{"SecurityTitle":"Class A Common Stock","SecuritiesOwnedFollowingTransaction":27988184.0,"DirectOrIndirectOwnership":1,"TransactionDate":"2020-07-28T00:00:00","TransactionCode":7,"TransactionQuantity":27988184.0,"TransactionPricePerSecurity":null,"AcquiredOrDisposed":0},{"SecurityTitle":"Class A Common Stock","SecuritiesOwnedFollowingTransaction":41549.0,"DirectOrIndirectOwnership":0,"TransactionDate":"2020-05-11T00:00:00","TransactionCode":7,"TransactionQuantity":7840.0,"TransactionPricePerSecurity":null,"AcquiredOrDisposed":0},{"SecurityTitle":"Class A Common Stock","SecuritiesOwnedFollowingTransaction":56921.0,"DirectOrIndirectOwnership":0,"TransactionDate":"2020-05-11T00:00:00","TransactionCode":7,"TransactionQuantity":7840.0,"TransactionPricePerSecurity":null,"AcquiredOrDisposed":0},{"SecurityTitle":"Class A Common Stock","SecuritiesOwnedFollowingTransaction":17466.0,"DirectOrIndirectOwnership":0,"TransactionDate":"2020-02-26T00:00:00","TransactionCode":0,"TransactionQuantity":5000.0,"TransactionPricePerSecurity":17.7987,"AcquiredOrDisposed":0},{"SecurityTitle":"Class A Common Stock","SecuritiesOwnedFollowingTransaction":66876.0,"DirectOrIndirectOwnership":0,"TransactionDate":"2020-02-26T00:00:00","TransactionCode":0,"TransactionQuantity":3000.0,"TransactionPricePerSecurity":18.0504,"AcquiredOrDisposed":0},{"SecurityTitle":"Class A Common Stock","SecuritiesOwnedFollowingTransaction":179100.0,"DirectOrIndirectOwnership":0,"TransactionDate":"2020-02-26T00:00:00","TransactionCode":0,"TransactionQuantity":11254.0,"TransactionPricePerSecurity":17.7424,"AcquiredOrDisposed":0},{"SecurityTitle":"Class A Common Stock","SecuritiesOwnedFollowingTransaction":167846.0,"DirectOrIndirectOwnership":0,"TransactionDate":"2020-02-24T00:00:00","TransactionCode":0,"TransactionQuantity":15368.0,"TransactionPricePerSecurity":19.49,"AcquiredOrDisposed":0},{"SecurityTitle":"Class A Common Stock","SecuritiesOwnedFollowingTransaction":48791.105,"DirectOrIndirectOwnership":0,"TransactionDate":"2020-02-04T00:00:00","TransactionCode":1,"TransactionQuantity":7256.0,"TransactionPricePerSecurity":22.0,"AcquiredOrDisposed":1},{"SecurityTitle":"Class A Common Stock","SecuritiesOwnedFollowingTransaction":144847.05,"DirectOrIndirectOwnership":0,"TransactionDate":"2020-01-27T00:00:00","TransactionCode":7,"TransactionQuantity":20945.0,"TransactionPricePerSecurity":null,"AcquiredOrDisposed":0},{"SecurityTitle":"Class A Common Stock","SecuritiesOwnedFollowingTransaction":136605.05,"DirectOrIndirectOwnership":0,"TransactionDate":"2020-01-27T00:00:00","TransactionCode":5,"TransactionQuantity":8242.0,"TransactionPricePerSecurity":22.86,"AcquiredOrDisposed":1},{"SecurityTitle":"Class A Common Stock","SecuritiesOwnedFollowingTransaction":143587.05,"DirectOrIndirectOwnership":0,"TransactionDate":"2020-01-27T00:00:00","TransactionCode":7,"TransactionQuantity":6982.0,"TransactionPricePerSecurity":null,"AcquiredOrDisposed":0},{"SecurityTitle":"Class A Common Stock","SecuritiesOwnedFollowingTransaction":140839.05,"DirectOrIndirectOwnership":0,"TransactionDate":"2020-01-27T00:00:00","TransactionCode":5,"TransactionQuantity":2748.0,"TransactionPricePerSecurity":22.86,"AcquiredOrDisposed":1},{"SecurityTitle":"Class A Common Stock","SecuritiesOwnedFollowingTransaction":57364.105,"DirectOrIndirectOwnership":0,"TransactionDate":"2020-01-27T00:00:00","TransactionCode":7,"TransactionQuantity":15136.0,"TransactionPricePerSecurity":null,"AcquiredOrDisposed":0},{"SecurityTitle":"Class A Common Stock","SecuritiesOwnedFollowingTransaction":52987.105,"DirectOrIndirectOwnership":0,"TransactionDate":"2020-01-27T00:00:00","TransactionCode":5,"TransactionQuantity":4377.0,"TransactionPricePerSecurity":22.86,"AcquiredOrDisposed":1},{"SecurityTitle":"Class A Common Stock","SecuritiesOwnedFollowingTransaction":58033.105,"DirectOrIndirectOwnership":0,"TransactionDate":"2020-01-27T00:00:00","TransactionCode":7,"TransactionQuantity":5046.0,"TransactionPricePerSecurity":null,"AcquiredOrDisposed":0},{"SecurityTitle":"Class A Common Stock","SecuritiesOwnedFollowingTransaction":56047.105,"DirectOrIndirectOwnership":0,"TransactionDate":"2020-01-27T00:00:00","TransactionCode":5,"TransactionQuantity":1986.0,"TransactionPricePerSecurity":22.86,"AcquiredOrDisposed":1},{"SecurityTitle":"Class A Common Stock","SecuritiesOwnedFollowingTransaction":55782.0,"DirectOrIndirectOwnership":0,"TransactionDate":"2020-01-22T00:00:00","TransactionCode":7,"TransactionQuantity":8204.0,"TransactionPricePerSecurity":null,"AcquiredOrDisposed":0},{"SecurityTitle":"Class A Common Stock","SecuritiesOwnedFollowingTransaction":53977.0,"DirectOrIndirectOwnership":0,"TransactionDate":"2020-01-22T00:00:00","TransactionCode":5,"TransactionQuantity":1805.0,"TransactionPricePerSecurity":22.68,"AcquiredOrDisposed":1},{"SecurityTitle":"Class A Common Stock","SecuritiesOwnedFollowingTransaction":66669.0,"DirectOrIndirectOwnership":0,"TransactionDate":"2020-01-23T00:00:00","TransactionCode":7,"TransactionQuantity":12692.0,"TransactionPricePerSecurity":null,"AcquiredOrDisposed":0},{"SecurityTitle":"Class A Common Stock","SecuritiesOwnedFollowingTransaction":63876.0,"DirectOrIndirectOwnership":0,"TransactionDate":"2020-01-23T00:00:00","TransactionCode":5,"TransactionQuantity":2793.0,"TransactionPricePerSecurity":22.96,"AcquiredOrDisposed":1},{"SecurityTitle":"Class A Common Stock","SecuritiesOwnedFollowingTransaction":4958.6,"DirectOrIndirectOwnership":0,"TransactionDate":"2020-01-22T00:00:00","TransactionCode":7,"TransactionQuantity":4688.0,"TransactionPricePerSecurity":null,"AcquiredOrDisposed":0},{"SecurityTitle":"Class A Common Stock","SecuritiesOwnedFollowingTransaction":3637.6,"DirectOrIndirectOwnership":0,"TransactionDate":"2020-01-22T00:00:00","TransactionCode":5,"TransactionQuantity":1321.0,"TransactionPricePerSecurity":22.68,"AcquiredOrDisposed":1},{"SecurityTitle":"Class A Common Stock","SecuritiesOwnedFollowingTransaction":10889.6,"DirectOrIndirectOwnership":0,"TransactionDate":"2020-01-23T00:00:00","TransactionCode":7,"TransactionQuantity":7252.0,"TransactionPricePerSecurity":null,"AcquiredOrDisposed":0},{"SecurityTitle":"Class A Common Stock","SecuritiesOwnedFollowingTransaction":9427.41,"DirectOrIndirectOwnership":0,"TransactionDate":"2020-01-23T00:00:00","TransactionCode":5,"TransactionQuantity":1752.0,"TransactionPricePerSecurity":22.96,"AcquiredOrDisposed":1},{"SecurityTitle":"Class A Common Stock","SecuritiesOwnedFollowingTransaction":134465.0,"DirectOrIndirectOwnership":0,"TransactionDate":"2020-01-22T00:00:00","TransactionCode":7,"TransactionQuantity":21097.0,"TransactionPricePerSecurity":null,"AcquiredOrDisposed":0},{"SecurityTitle":"Class A Common Stock","SecuritiesOwnedFollowingTransaction":129277.0,"DirectOrIndirectOwnership":0,"TransactionDate":"2020-01-22T00:00:00","TransactionCode":5,"TransactionQuantity":5188.0,"TransactionPricePerSecurity":22.68,"AcquiredOrDisposed":1},{"SecurityTitle":"Class A Common Stock","SecuritiesOwnedFollowingTransaction":161914.0,"DirectOrIndirectOwnership":0,"TransactionDate":"2020-01-23T00:00:00","TransactionCode":7,"TransactionQuantity":32637.0,"TransactionPricePerSecurity":null,"AcquiredOrDisposed":0},{"SecurityTitle":"Class A Common Stock","SecuritiesOwnedFollowingTransaction":152478.0,"DirectOrIndirectOwnership":0,"TransactionDate":"2020-01-23T00:00:00","TransactionCode":5,"TransactionQuantity":9436.0,"TransactionPricePerSecurity":22.96,"AcquiredOrDisposed":1},{"SecurityTitle":"Class A Common Stock","SecuritiesOwnedFollowingTransaction":25886.0,"DirectOrIndirectOwnership":0,"TransactionDate":"2020-01-22T00:00:00","TransactionCode":7,"TransactionQuantity":4688.0,"TransactionPricePerSecurity":null,"AcquiredOrDisposed":0},{"SecurityTitle":"Class A Common Stock","SecuritiesOwnedFollowingTransaction":23682.0,"DirectOrIndirectOwnership":0,"TransactionDate":"2020-01-22T00:00:00","TransactionCode":5,"TransactionQuantity":2204.0,"TransactionPricePerSecurity":22.68,"AcquiredOrDisposed":1},{"SecurityTitle":"Class A Common Stock","SecuritiesOwnedFollowingTransaction":30934.0,"DirectOrIndirectOwnership":0,"TransactionDate":"2020-01-23T00:00:00","TransactionCode":7,"TransactionQuantity":7252.0,"TransactionPricePerSecurity":null,"AcquiredOrDisposed":0},{"SecurityTitle":"Class A Common Stock","SecuritiesOwnedFollowingTransaction":27525.0,"DirectOrIndirectOwnership":0,"TransactionDate":"2020-01-23T00:00:00","TransactionCode":5,"TransactionQuantity":3409.0,"TransactionPricePerSecurity":22.96,"AcquiredOrDisposed":1},{"SecurityTitle":"Class A Common Stock","SecuritiesOwnedFollowingTransaction":118548.24,"DirectOrIndirectOwnership":0,"TransactionDate":"2020-01-22T00:00:00","TransactionCode":7,"TransactionQuantity":5684.0,"TransactionPricePerSecurity":null,"AcquiredOrDisposed":0},{"SecurityTitle":"Class A Common Stock","SecuritiesOwnedFollowingTransaction":117163.24,"DirectOrIndirectOwnership":0,"TransactionDate":"2020-01-22T00:00:00","TransactionCode":5,"TransactionQuantity":1385.0,"TransactionPricePerSecurity":22.68,"AcquiredOrDisposed":1},{"SecurityTitle":"Class A Common Stock","SecuritiesOwnedFollowingTransaction":125956.24,"DirectOrIndirectOwnership":0,"TransactionDate":"2020-01-23T00:00:00","TransactionCode":7,"TransactionQuantity":8793.0,"TransactionPricePerSecurity":null,"AcquiredOrDisposed":0},{"SecurityTitle":"Class A Common Stock","SecuritiesOwnedFollowingTransaction":123902.055,"DirectOrIndirectOwnership":0,"TransactionDate":"2020-01-23T00:00:00","TransactionCode":5,"TransactionQuantity":2344.0,"TransactionPricePerSecurity":22.96,"AcquiredOrDisposed":1},{"SecurityTitle":"Class A Common Stock","SecuritiesOwnedFollowingTransaction":38101.105,"DirectOrIndirectOwnership":0,"TransactionDate":"2020-01-22T00:00:00","TransactionCode":7,"TransactionQuantity":4454.0,"TransactionPricePerSecurity":null,"AcquiredOrDisposed":0},{"SecurityTitle":"Class A Common Stock","SecuritiesOwnedFollowingTransaction":37016.105,"DirectOrIndirectOwnership":0,"TransactionDate":"2020-01-22T00:00:00","TransactionCode":5,"TransactionQuantity":1085.0,"TransactionPricePerSecurity":22.68,"AcquiredOrDisposed":1},{"SecurityTitle":"Class A Common Stock","SecuritiesOwnedFollowingTransaction":43906.105,"DirectOrIndirectOwnership":0,"TransactionDate":"2020-01-23T00:00:00","TransactionCode":7,"TransactionQuantity":6890.0,"TransactionPricePerSecurity":null,"AcquiredOrDisposed":0},{"SecurityTitle":"Class A Common Stock","SecuritiesOwnedFollowingTransaction":42228.105,"DirectOrIndirectOwnership":0,"TransactionDate":"2020-01-23T00:00:00","TransactionCode":5,"TransactionQuantity":1678.0,"TransactionPricePerSecurity":22.96,"AcquiredOrDisposed":1},{"SecurityTitle":"Class A Common Stock","SecuritiesOwnedFollowingTransaction":29293.0,"DirectOrIndirectOwnership":0,"TransactionDate":"2020-01-22T00:00:00","TransactionCode":7,"TransactionQuantity":4688.0,"TransactionPricePerSecurity":null,"AcquiredOrDisposed":0},{"SecurityTitle":"Class A Common Stock","SecuritiesOwnedFollowingTransaction":27652.0,"DirectOrIndirectOwnership":0,"TransactionDate":"2020-01-22T00:00:00","TransactionCode":5,"TransactionQuantity":1641.0,"TransactionPricePerSecurity":22.68,"AcquiredOrDisposed":1},{"SecurityTitle":"Class A Common Stock","SecuritiesOwnedFollowingTransaction":34904.0,"DirectOrIndirectOwnership":0,"TransactionDate":"2020-01-23T00:00:00","TransactionCode":7,"TransactionQuantity":7252.0,"TransactionPricePerSecurity":null,"AcquiredOrDisposed":0},{"SecurityTitle":"Class A Common Stock","SecuritiesOwnedFollowingTransaction":32365.0,"DirectOrIndirectOwnership":0,"TransactionDate":"2020-01-23T00:00:00","TransactionCode":5,"TransactionQuantity":2539.0,"TransactionPricePerSecurity":22.96,"AcquiredOrDisposed":1},{"SecurityTitle":"Class A Common Stock","SecuritiesOwnedFollowingTransaction":1500.0,"DirectOrIndirectOwnership":0,"TransactionDate":"2020-01-22T00:00:00","TransactionCode":7,"TransactionQuantity":1500.0,"TransactionPricePerSecurity":null,"AcquiredOrDisposed":0},{"SecurityTitle":"Class A Common Stock","SecuritiesOwnedFollowingTransaction":795.0,"DirectOrIndirectOwnership":0,"TransactionDate":"2020-01-22T00:00:00","TransactionCode":5,"TransactionQuantity":705.0,"TransactionPricePerSecurity":22.68,"AcquiredOrDisposed":1},{"SecurityTitle":"Class A Common Stock","SecuritiesOwnedFollowingTransaction":3405.0,"DirectOrIndirectOwnership":0,"TransactionDate":"2020-01-23T00:00:00","TransactionCode":7,"TransactionQuantity":2610.0,"TransactionPricePerSecurity":null,"AcquiredOrDisposed":0},{"SecurityTitle":"Class A Common Stock","SecuritiesOwnedFollowingTransaction":2178.0,"DirectOrIndirectOwnership":0,"TransactionDate":"2020-01-23T00:00:00","TransactionCode":5,"TransactionQuantity":1227.0,"TransactionPricePerSecurity":22.96,"AcquiredOrDisposed":1},{"SecurityTitle":"Class A Common Stock","SecuritiesOwnedFollowingTransaction":38322.0,"DirectOrIndirectOwnership":0,"TransactionDate":"2020-01-22T00:00:00","TransactionCode":7,"TransactionQuantity":5860.0,"TransactionPricePerSecurity":null,"AcquiredOrDisposed":0},{"SecurityTitle":"Class A Common Stock","SecuritiesOwnedFollowingTransaction":36735.0,"DirectOrIndirectOwnership":0,"TransactionDate":"2020-01-22T00:00:00","TransactionCode":5,"TransactionQuantity":1587.0,"TransactionPricePerSecurity":22.68,"AcquiredOrDisposed":1},{"SecurityTitle":"Class A Common Stock","SecuritiesOwnedFollowingTransaction":45800.0,"DirectOrIndirectOwnership":0,"TransactionDate":"2020-01-23T00:00:00","TransactionCode":7,"TransactionQuantity":9065.0,"TransactionPricePerSecurity":null,"AcquiredOrDisposed":0},{"SecurityTitle":"Class A Common Stock","SecuritiesOwnedFollowingTransaction":43595.0,"DirectOrIndirectOwnership":0,"TransactionDate":"2020-01-23T00:00:00","TransactionCode":5,"TransactionQuantity":2205.0,"TransactionPricePerSecurity":22.96,"AcquiredOrDisposed":1},{"SecurityTitle":"Class A Common Stock","SecuritiesOwnedFollowingTransaction":12409.0,"DirectOrIndirectOwnership":0,"TransactionDate":null,"TransactionCode":null,"TransactionQuantity":null,"TransactionPricePerSecurity":null,"AcquiredOrDisposed":null},{"SecurityTitle":"Class A Common Stock","SecuritiesOwnedFollowingTransaction":33647.105,"DirectOrIndirectOwnership":0,"TransactionDate":"2019-11-22T00:00:00","TransactionCode":1,"TransactionQuantity":5857.0,"TransactionPricePerSecurity":22.65,"AcquiredOrDisposed":1},{"SecurityTitle":"Class A Common Stock","SecuritiesOwnedFollowingTransaction":39504.105,"DirectOrIndirectOwnership":0,"TransactionDate":"2019-11-19T00:00:00","TransactionCode":1,"TransactionQuantity":6136.0,"TransactionPricePerSecurity":22.15,"AcquiredOrDisposed":1},{"SecurityTitle":"Class A Common Stock","SecuritiesOwnedFollowingTransaction":0.0,"DirectOrIndirectOwnership":0,"TransactionDate":"2019-11-05T00:00:00","TransactionCode":1,"TransactionQuantity":3338.0,"TransactionPricePerSecurity":22.56,"AcquiredOrDisposed":1},{"SecurityTitle":"Class A Common Stock","SecuritiesOwnedFollowingTransaction":17883.0,"DirectOrIndirectOwnership":0,"TransactionDate":"2019-10-15T00:00:00","TransactionCode":7,"TransactionQuantity":3839.0,"TransactionPricePerSecurity":null,"AcquiredOrDisposed":0},{"SecurityTitle":"Class A Common Stock","SecuritiesOwnedFollowingTransaction":49033.0,"DirectOrIndirectOwnership":0,"TransactionDate":"2017-08-15T00:00:00","TransactionCode":0,"TransactionQuantity":197.0,"TransactionPricePerSecurity":35.12,"AcquiredOrDisposed":0},{"SecurityTitle":"Class A Common Stock","SecuritiesOwnedFollowingTransaction":48836.0,"DirectOrIndirectOwnership":0,"TransactionDate":"2017-10-17T00:00:00","TransactionCode":1,"TransactionQuantity":197.0,"TransactionPricePerSecurity":33.85,"AcquiredOrDisposed":1},{"SecurityTitle":"Class A Common Stock","SecuritiesOwnedFollowingTransaction":49037.0,"DirectOrIndirectOwnership":0,"TransactionDate":"2017-12-18T00:00:00","TransactionCode":0,"TransactionQuantity":201.0,"TransactionPricePerSecurity":31.09,"AcquiredOrDisposed":0},{"SecurityTitle":"Class A Common Stock","SecuritiesOwnedFollowingTransaction":48836.0,"DirectOrIndirectOwnership":0,"TransactionDate":"2018-02-20T00:00:00","TransactionCode":1,"TransactionQuantity":201.0,"TransactionPricePerSecurity":26.43,"AcquiredOrDisposed":1},{"SecurityTitle":"Class A Common Stock","SecuritiesOwnedFollowingTransaction":49031.0,"DirectOrIndirectOwnership":0,"TransactionDate":"2018-04-09T00:00:00","TransactionCode":0,"TransactionQuantity":195.0,"TransactionPricePerSecurity":29.74,"AcquiredOrDisposed":0},{"SecurityTitle":"Class A Common Stock","SecuritiesOwnedFollowingTransaction":48836.0,"DirectOrIndirectOwnership":0,"TransactionDate":"2018-11-21T00:00:00","TransactionCode":1,"TransactionQuantity":195.0,"TransactionPricePerSecurity":22.57,"AcquiredOrDisposed":1},{"SecurityTitle":"Class A Common Stock","SecuritiesOwnedFollowingTransaction":49081.0,"DirectOrIndirectOwnership":0,"TransactionDate":"2018-12-28T00:00:00","TransactionCode":0,"TransactionQuantity":245.0,"TransactionPricePerSecurity":21.45,"AcquiredOrDisposed":0},{"SecurityTitle":"Class A Common Stock","SecuritiesOwnedFollowingTransaction":9151.0,"DirectOrIndirectOwnership":0,"TransactionDate":"2019-09-16T00:00:00","TransactionCode":7,"TransactionQuantity":3771.0,"TransactionPricePerSecurity":null,"AcquiredOrDisposed":0},{"SecurityTitle":"Class A Common Stock","SecuritiesOwnedFollowingTransaction":14044.0,"DirectOrIndirectOwnership":0,"TransactionDate":"2019-09-16T00:00:00","TransactionCode":7,"TransactionQuantity":4893.0,"TransactionPricePerSecurity":null,"AcquiredOrDisposed":0},{"SecurityTitle":"Class B Common Stock","SecuritiesOwnedFollowingTransaction":0.0,"DirectOrIndirectOwnership":0,"TransactionDate":"2019-09-16T00:00:00","TransactionCode":7,"TransactionQuantity":23369778.0,"TransactionPricePerSecurity":null,"AcquiredOrDisposed":1},{"SecurityTitle":"Class A Common Stock","SecuritiesOwnedFollowingTransaction":23369778.0,"DirectOrIndirectOwnership":0,"TransactionDate":"2019-09-16T00:00:00","TransactionCode":7,"TransactionQuantity":23369778.0,"TransactionPricePerSecurity":null,"AcquiredOrDisposed":0},{"SecurityTitle":"Class A Common Stock","SecuritiesOwnedFollowingTransaction":0.0,"DirectOrIndirectOwnership":0,"TransactionDate":"2019-09-16T00:00:00","TransactionCode":1,"TransactionQuantity":23369778.0,"TransactionPricePerSecurity":21.07,"AcquiredOrDisposed":1},{"SecurityTitle":"Class B Common Stock","SecuritiesOwnedFollowingTransaction":389293100.0,"DirectOrIndirectOwnership":1,"TransactionDate":"2019-09-16T00:00:00","TransactionCode":7,"TransactionQuantity":108880220.0,"TransactionPricePerSecurity":null,"AcquiredOrDisposed":1},{"SecurityTitle":"Class A Common Stock","SecuritiesOwnedFollowingTransaction":108880220.0,"DirectOrIndirectOwnership":1,"TransactionDate":"2019-09-16T00:00:00","TransactionCode":7,"TransactionQuantity":108880220.0,"TransactionPricePerSecurity":null,"AcquiredOrDisposed":0},{"SecurityTitle":"Class A Common Stock","SecuritiesOwnedFollowingTransaction":0.0,"DirectOrIndirectOwnership":1,"TransactionDate":"2019-09-16T00:00:00","TransactionCode":1,"TransactionQuantity":108880220.0,"TransactionPricePerSecurity":21.07,"AcquiredOrDisposed":1},{"SecurityTitle":"Class B Common Stock","SecuritiesOwnedFollowingTransaction":377427870.0,"DirectOrIndirectOwnership":1,"TransactionDate":"2019-09-16T00:00:00","TransactionCode":4,"TransactionQuantity":11865211.0,"TransactionPricePerSecurity":null,"AcquiredOrDisposed":1},{"SecurityTitle":"Class A Common Stock","SecuritiesOwnedFollowingTransaction":15000.0,"DirectOrIndirectOwnership":0,"TransactionDate":"2019-08-16T00:00:00","TransactionCode":0,"TransactionQuantity":10000.0,"TransactionPricePerSecurity":20.75,"AcquiredOrDisposed":0},{"SecurityTitle":"Class A Common Stock","SecuritiesOwnedFollowingTransaction":12950.0,"DirectOrIndirectOwnership":0,"TransactionDate":"2019-08-15T00:00:00","TransactionCode":0,"TransactionQuantity":3800.0,"TransactionPricePerSecurity":20.845,"AcquiredOrDisposed":0},{"SecurityTitle":"Class A Common Stock","SecuritiesOwnedFollowingTransaction":14150.0,"DirectOrIndirectOwnership":0,"TransactionDate":"2019-08-15T00:00:00","TransactionCode":0,"TransactionQuantity":1200.0,"TransactionPricePerSecurity":20.85,"AcquiredOrDisposed":0},{"SecurityTitle":"Class A Common Stock","SecuritiesOwnedFollowingTransaction":113368.0,"DirectOrIndirectOwnership":0,"TransactionDate":"2019-08-15T00:00:00","TransactionCode":0,"TransactionQuantity":15000.0,"TransactionPricePerSecurity":20.6054,"AcquiredOrDisposed":0},{"SecurityTitle":"Class A Common Stock","SecuritiesOwnedFollowingTransaction":270.6,"DirectOrIndirectOwnership":0,"TransactionDate":"2019-08-12T00:00:00","TransactionCode":1,"TransactionQuantity":16686.0,"TransactionPricePerSecurity":23.62,"AcquiredOrDisposed":1},{"SecurityTitle":"Class A Common Stock","SecuritiesOwnedFollowingTransaction":122194.0,"DirectOrIndirectOwnership":0,"TransactionDate":"2019-08-01T00:00:00","TransactionCode":7,"TransactionQuantity":60547.0,"TransactionPricePerSecurity":0.0,"AcquiredOrDisposed":0},{"SecurityTitle":"Class A Common Stock","SecuritiesOwnedFollowingTransaction":98368.0,"DirectOrIndirectOwnership":0,"TransactionDate":"2019-08-01T00:00:00","TransactionCode":5,"TransactionQuantity":23826.0,"TransactionPricePerSecurity":25.27,"AcquiredOrDisposed":1},{"SecurityTitle":"Class A Common Stock","SecuritiesOwnedFollowingTransaction":59821.0,"DirectOrIndirectOwnership":0,"TransactionDate":"2019-07-31T00:00:00","TransactionCode":7,"TransactionQuantity":33086.0,"TransactionPricePerSecurity":0.0,"AcquiredOrDisposed":0},{"SecurityTitle":"Class A Common Stock","SecuritiesOwnedFollowingTransaction":47578.0,"DirectOrIndirectOwnership":0,"TransactionDate":"2019-07-31T00:00:00","TransactionCode":5,"TransactionQuantity":12243.0,"TransactionPricePerSecurity":25.39,"AcquiredOrDisposed":1},{"SecurityTitle":"Class A Common Stock","SecuritiesOwnedFollowingTransaction":19282.0,"DirectOrIndirectOwnership":0,"TransactionDate":"2019-07-31T00:00:00","TransactionCode":7,"TransactionQuantity":9097.0,"TransactionPricePerSecurity":0.0,"AcquiredOrDisposed":0},{"SecurityTitle":"Class A Common Stock","SecuritiesOwnedFollowingTransaction":16956.6,"DirectOrIndirectOwnership":0,"TransactionDate":"2019-07-31T00:00:00","TransactionCode":5,"TransactionQuantity":2596.0,"TransactionPricePerSecurity":25.39,"AcquiredOrDisposed":1},{"SecurityTitle":"Class A Common Stock","SecuritiesOwnedFollowingTransaction":29456.0,"DirectOrIndirectOwnership":0,"TransactionDate":"2019-07-31T00:00:00","TransactionCode":7,"TransactionQuantity":17568.0,"TransactionPricePerSecurity":0.0,"AcquiredOrDisposed":0},{"SecurityTitle":"Class A Common Stock","SecuritiesOwnedFollowingTransaction":21198.0,"DirectOrIndirectOwnership":0,"TransactionDate":"2019-07-31T00:00:00","TransactionCode":5,"TransactionQuantity":8258.0,"TransactionPricePerSecurity":25.39,"AcquiredOrDisposed":1},{"SecurityTitle":"Class A Common Stock","SecuritiesOwnedFollowingTransaction":119060.64,"DirectOrIndirectOwnership":0,"TransactionDate":"2019-07-31T00:00:00","TransactionCode":7,"TransactionQuantity":16434.0,"TransactionPricePerSecurity":0.0,"AcquiredOrDisposed":0},{"SecurityTitle":"Class A Common Stock","SecuritiesOwnedFollowingTransaction":112864.24,"DirectOrIndirectOwnership":0,"TransactionDate":"2019-07-31T00:00:00","TransactionCode":5,"TransactionQuantity":6467.0,"TransactionPricePerSecurity":25.39,"AcquiredOrDisposed":1},{"SecurityTitle":"Class A Common Stock","SecuritiesOwnedFollowingTransaction":50707.105,"DirectOrIndirectOwnership":0,"TransactionDate":"2019-07-31T00:00:00","TransactionCode":7,"TransactionQuantity":12876.0,"TransactionPricePerSecurity":0.0,"AcquiredOrDisposed":0},{"SecurityTitle":"Class A Common Stock","SecuritiesOwnedFollowingTransaction":45640.105,"DirectOrIndirectOwnership":0,"TransactionDate":"2019-07-31T00:00:00","TransactionCode":5,"TransactionQuantity":5067.0,"TransactionPricePerSecurity":25.39,"AcquiredOrDisposed":1},{"SecurityTitle":"Class A Common Stock","SecuritiesOwnedFollowingTransaction":31223.0,"DirectOrIndirectOwnership":0,"TransactionDate":"2019-07-31T00:00:00","TransactionCode":7,"TransactionQuantity":18907.0,"TransactionPricePerSecurity":0.0,"AcquiredOrDisposed":0},{"SecurityTitle":"Class A Common Stock","SecuritiesOwnedFollowingTransaction":24605.0,"DirectOrIndirectOwnership":0,"TransactionDate":"2019-07-31T00:00:00","TransactionCode":5,"TransactionQuantity":6618.0,"TransactionPricePerSecurity":25.39,"AcquiredOrDisposed":1},{"SecurityTitle":"Class A Common Stock","SecuritiesOwnedFollowingTransaction":5568.0,"DirectOrIndirectOwnership":0,"TransactionDate":"2019-07-31T00:00:00","TransactionCode":7,"TransactionQuantity":4743.0,"TransactionPricePerSecurity":0.0,"AcquiredOrDisposed":0},{"SecurityTitle":"Class A Common Stock","SecuritiesOwnedFollowingTransaction":3338.0,"DirectOrIndirectOwnership":0,"TransactionDate":"2019-07-31T00:00:00","TransactionCode":5,"TransactionQuantity":2230.0,"TransactionPricePerSecurity":25.39,"AcquiredOrDisposed":1},{"SecurityTitle":"Class A Common Stock","SecuritiesOwnedFollowingTransaction":40432.0,"DirectOrIndirectOwnership":0,"TransactionDate":"2019-07-31T00:00:00","TransactionCode":7,"TransactionQuantity":22027.0,"TransactionPricePerSecurity":0.0,"AcquiredOrDisposed":0},{"SecurityTitle":"Class A Common Stock","SecuritiesOwnedFollowingTransaction":32462.0,"DirectOrIndirectOwnership":0,"TransactionDate":"2019-07-31T00:00:00","TransactionCode":5,"TransactionQuantity":7970.0,"TransactionPricePerSecurity":25.39,"AcquiredOrDisposed":1},{"SecurityTitle":"Class A Common Stock","SecuritiesOwnedFollowingTransaction":49546.0,"DirectOrIndirectOwnership":0,"TransactionDate":"2019-07-22T00:00:00","TransactionCode":7,"TransactionQuantity":759.0,"TransactionPricePerSecurity":22.02,"AcquiredOrDisposed":0},{"SecurityTitle":"Class A Common Stock","SecuritiesOwnedFollowingTransaction":48836.0,"DirectOrIndirectOwnership":0,"TransactionDate":"2019-07-22T00:00:00","TransactionCode":5,"TransactionQuantity":710.0,"TransactionPricePerSecurity":23.56,"AcquiredOrDisposed":1},{"SecurityTitle":"Class A Common Stock","SecuritiesOwnedFollowingTransaction":33709.0,"DirectOrIndirectOwnership":0,"TransactionDate":"2019-05-13T00:00:00","TransactionCode":7,"TransactionQuantity":4893.0,"TransactionPricePerSecurity":0.0,"AcquiredOrDisposed":0},{"SecurityTitle":"Class A Common Stock","SecuritiesOwnedFollowingTransaction":514950.56,"DirectOrIndirectOwnership":0,"TransactionDate":"2019-05-10T00:00:00","TransactionCode":7,"TransactionQuantity":4893.0,"TransactionPricePerSecurity":0.0,"AcquiredOrDisposed":0},{"SecurityTitle":"Class A Common Stock","SecuritiesOwnedFollowingTransaction":48787.0,"DirectOrIndirectOwnership":0,"TransactionDate":"2019-05-13T00:00:00","TransactionCode":7,"TransactionQuantity":4893.0,"TransactionPricePerSecurity":0.0,"AcquiredOrDisposed":0},{"SecurityTitle":"Class A Common Stock","SecuritiesOwnedFollowingTransaction":12257.0,"DirectOrIndirectOwnership":0,"TransactionDate":null,"TransactionCode":null,"TransactionQuantity":null,"TransactionPricePerSecurity":null,"AcquiredOrDisposed":null},{"SecurityTitle":"Class A Common Stock","SecuritiesOwnedFollowingTransaction":3843.0,"DirectOrIndirectOwnership":0,"TransactionDate":"2018-11-19T00:00:00","TransactionCode":12,"TransactionQuantity":100.0,"TransactionPricePerSecurity":34.0,"AcquiredOrDisposed":0},{"SecurityTitle":"Class A Common Stock","SecuritiesOwnedFollowingTransaction":4043.0,"DirectOrIndirectOwnership":0,"TransactionDate":"2018-11-28T00:00:00","TransactionCode":12,"TransactionQuantity":200.0,"TransactionPricePerSecurity":34.0,"AcquiredOrDisposed":0},{"SecurityTitle":"Class A Common Stock","SecuritiesOwnedFollowingTransaction":104327.64,"DirectOrIndirectOwnership":0,"TransactionDate":"2019-01-25T00:00:00","TransactionCode":7,"TransactionQuantity":6982.0,"TransactionPricePerSecurity":0.0,"AcquiredOrDisposed":0},{"SecurityTitle":"Class A Common Stock","SecuritiesOwnedFollowingTransaction":102626.64,"DirectOrIndirectOwnership":0,"TransactionDate":"2019-01-25T00:00:00","TransactionCode":5,"TransactionQuantity":1701.0,"TransactionPricePerSecurity":23.04,"AcquiredOrDisposed":1},{"SecurityTitle":"Class A Common Stock","SecuritiesOwnedFollowingTransaction":35257.105,"DirectOrIndirectOwnership":0,"TransactionDate":"2019-01-25T00:00:00","TransactionCode":7,"TransactionQuantity":1242.0,"TransactionPricePerSecurity":22.02,"AcquiredOrDisposed":0},{"SecurityTitle":"Class A Common Stock","SecuritiesOwnedFollowingTransaction":34015.105,"DirectOrIndirectOwnership":0,"TransactionDate":"2019-01-25T00:00:00","TransactionCode":1,"TransactionQuantity":1242.0,"TransactionPricePerSecurity":23.31,"AcquiredOrDisposed":1},{"SecurityTitle":"Class A Common Stock","SecuritiesOwnedFollowingTransaction":39060.105,"DirectOrIndirectOwnership":0,"TransactionDate":"2019-01-25T00:00:00","TransactionCode":7,"TransactionQuantity":5045.0,"TransactionPricePerSecurity":0.0,"AcquiredOrDisposed":0},{"SecurityTitle":"Class A Common Stock","SecuritiesOwnedFollowingTransaction":37831.105,"DirectOrIndirectOwnership":0,"TransactionDate":"2019-01-25T00:00:00","TransactionCode":5,"TransactionQuantity":1229.0,"TransactionPricePerSecurity":23.04,"AcquiredOrDisposed":1},{"SecurityTitle":"Class A Common Stock","SecuritiesOwnedFollowingTransaction":28540.0,"DirectOrIndirectOwnership":0,"TransactionDate":"2019-01-22T00:00:00","TransactionCode":7,"TransactionQuantity":8204.0,"TransactionPricePerSecurity":0.0,"AcquiredOrDisposed":0},{"SecurityTitle":"Class A Common Stock","SecuritiesOwnedFollowingTransaction":26735.0,"DirectOrIndirectOwnership":0,"TransactionDate":"2019-01-22T00:00:00","TransactionCode":5,"TransactionQuantity":1805.0,"TransactionPricePerSecurity":23.77,"AcquiredOrDisposed":1},{"SecurityTitle":"Class A Common Stock","SecuritiesOwnedFollowingTransaction":11568.0,"DirectOrIndirectOwnership":0,"TransactionDate":"2019-01-22T00:00:00","TransactionCode":7,"TransactionQuantity":4688.0,"TransactionPricePerSecurity":0.0,"AcquiredOrDisposed":0},{"SecurityTitle":"Class A Common Stock","SecuritiesOwnedFollowingTransaction":10185.0,"DirectOrIndirectOwnership":0,"TransactionDate":"2019-01-22T00:00:00","TransactionCode":5,"TransactionQuantity":1383.0,"TransactionPricePerSecurity":23.77,"AcquiredOrDisposed":1},{"SecurityTitle":"Class A Common Stock","SecuritiesOwnedFollowingTransaction":66955.0,"DirectOrIndirectOwnership":0,"TransactionDate":"2019-01-22T00:00:00","TransactionCode":7,"TransactionQuantity":21097.0,"TransactionPricePerSecurity":0.0,"AcquiredOrDisposed":0},{"SecurityTitle":"Class A Common Stock","SecuritiesOwnedFollowingTransaction":61647.0,"DirectOrIndirectOwnership":0,"TransactionDate":"2019-01-22T00:00:00","TransactionCode":5,"TransactionQuantity":5308.0,"TransactionPricePerSecurity":23.77,"AcquiredOrDisposed":1},{"SecurityTitle":"Class A Common Stock","SecuritiesOwnedFollowingTransaction":13998.0,"DirectOrIndirectOwnership":0,"TransactionDate":"2019-01-22T00:00:00","TransactionCode":7,"TransactionQuantity":4688.0,"TransactionPricePerSecurity":0.0,"AcquiredOrDisposed":0},{"SecurityTitle":"Class A Common Stock","SecuritiesOwnedFollowingTransaction":11888.0,"DirectOrIndirectOwnership":0,"TransactionDate":"2019-01-22T00:00:00","TransactionCode":5,"TransactionQuantity":2110.0,"TransactionPricePerSecurity":23.77,"AcquiredOrDisposed":1},{"SecurityTitle":"Class A Common Stock","SecuritiesOwnedFollowingTransaction":98730.64,"DirectOrIndirectOwnership":0,"TransactionDate":"2019-01-22T00:00:00","TransactionCode":7,"TransactionQuantity":5684.0,"TransactionPricePerSecurity":0.0,"AcquiredOrDisposed":0},{"SecurityTitle":"Class A Common Stock","SecuritiesOwnedFollowingTransaction":97345.64,"DirectOrIndirectOwnership":0,"TransactionDate":"2019-01-22T00:00:00","TransactionCode":5,"TransactionQuantity":1385.0,"TransactionPricePerSecurity":23.77,"AcquiredOrDisposed":1},{"SecurityTitle":"Class A Common Stock","SecuritiesOwnedFollowingTransaction":35100.105,"DirectOrIndirectOwnership":0,"TransactionDate":"2019-01-22T00:00:00","TransactionCode":7,"TransactionQuantity":4453.0,"TransactionPricePerSecurity":0.0,"AcquiredOrDisposed":0},{"SecurityTitle":"Class A Common Stock","SecuritiesOwnedFollowingTransaction":34015.105,"DirectOrIndirectOwnership":0,"TransactionDate":"2019-01-22T00:00:00","TransactionCode":5,"TransactionQuantity":1085.0,"TransactionPricePerSecurity":23.77,"AcquiredOrDisposed":1},{"SecurityTitle":"Class A Common Stock","SecuritiesOwnedFollowingTransaction":14707.0,"DirectOrIndirectOwnership":0,"TransactionDate":"2019-01-22T00:00:00","TransactionCode":7,"TransactionQuantity":4688.0,"TransactionPricePerSecurity":0.0,"AcquiredOrDisposed":0},{"SecurityTitle":"Class A Common Stock","SecuritiesOwnedFollowingTransaction":12316.0,"DirectOrIndirectOwnership":0,"TransactionDate":"2019-01-22T00:00:00","TransactionCode":5,"TransactionQuantity":2391.0,"TransactionPricePerSecurity":23.77,"AcquiredOrDisposed":1},{"SecurityTitle":"Class A Common Stock","SecuritiesOwnedFollowingTransaction":1500.0,"DirectOrIndirectOwnership":0,"TransactionDate":"2019-01-22T00:00:00","TransactionCode":7,"TransactionQuantity":1500.0,"TransactionPricePerSecurity":0.0,"AcquiredOrDisposed":0},{"SecurityTitle":"Class A Common Stock","SecuritiesOwnedFollowingTransaction":825.0,"DirectOrIndirectOwnership":0,"TransactionDate":"2019-01-22T00:00:00","TransactionCode":5,"TransactionQuantity":675.0,"TransactionPricePerSecurity":23.77,"AcquiredOrDisposed":1},{"SecurityTitle":"Class A Common Stock","SecuritiesOwnedFollowingTransaction":20060.0,"DirectOrIndirectOwnership":0,"TransactionDate":"2019-01-22T00:00:00","TransactionCode":7,"TransactionQuantity":5860.0,"TransactionPricePerSecurity":0.0,"AcquiredOrDisposed":0},{"SecurityTitle":"Class A Common Stock","SecuritiesOwnedFollowingTransaction":18405.0,"DirectOrIndirectOwnership":0,"TransactionDate":"2019-01-22T00:00:00","TransactionCode":5,"TransactionQuantity":1655.0,"TransactionPricePerSecurity":23.77,"AcquiredOrDisposed":1},{"SecurityTitle":"Class A Common Stock","SecuritiesOwnedFollowingTransaction":44402.0,"DirectOrIndirectOwnership":0,"TransactionDate":"2019-01-18T00:00:00","TransactionCode":7,"TransactionQuantity":1028.0,"TransactionPricePerSecurity":11.68,"AcquiredOrDisposed":0},{"SecurityTitle":"Class A Common Stock","SecuritiesOwnedFollowingTransaction":43894.0,"DirectOrIndirectOwnership":0,"TransactionDate":"2019-01-18T00:00:00","TransactionCode":5,"TransactionQuantity":508.0,"TransactionPricePerSecurity":23.65,"AcquiredOrDisposed":1},{"SecurityTitle":"Class B Common Stock","SecuritiesOwnedFollowingTransaction":32569778.0,"DirectOrIndirectOwnership":0,"TransactionDate":"2018-11-16T00:00:00","TransactionCode":7,"TransactionQuantity":92000000.0,"TransactionPricePerSecurity":null,"AcquiredOrDisposed":1},{"SecurityTitle":"Class A Common Stock","SecuritiesOwnedFollowingTransaction":92000000.0,"DirectOrIndirectOwnership":0,"TransactionDate":"2018-11-16T00:00:00","TransactionCode":7,"TransactionQuantity":92000000.0,"TransactionPricePerSecurity":null,"AcquiredOrDisposed":0},{"SecurityTitle":"Class A Common Stock","SecuritiesOwnedFollowingTransaction":0.0,"DirectOrIndirectOwnership":0,"TransactionDate":"2018-11-16T00:00:00","TransactionCode":1,"TransactionQuantity":92000000.0,"TransactionPricePerSecurity":22.4825,"AcquiredOrDisposed":1},{"SecurityTitle":"Class B Common Stock","SecuritiesOwnedFollowingTransaction":498173300.0,"DirectOrIndirectOwnership":1,"TransactionDate":"2018-11-16T00:00:00","TransactionCode":4,"TransactionQuantity":65000000.0,"TransactionPricePerSecurity":null,"AcquiredOrDisposed":1},{"SecurityTitle":"Class B Common Stock","SecuritiesOwnedFollowingTransaction":23369778.0,"DirectOrIndirectOwnership":0,"TransactionDate":"2018-11-19T00:00:00","TransactionCode":7,"TransactionQuantity":9200000.0,"TransactionPricePerSecurity":null,"AcquiredOrDisposed":1},{"SecurityTitle":"Class A Common Stock","SecuritiesOwnedFollowingTransaction":9200000.0,"DirectOrIndirectOwnership":0,"TransactionDate":"2018-11-19T00:00:00","TransactionCode":7,"TransactionQuantity":9200000.0,"TransactionPricePerSecurity":null,"AcquiredOrDisposed":0},{"SecurityTitle":"Class A Common Stock","SecuritiesOwnedFollowingTransaction":0.0,"DirectOrIndirectOwnership":0,"TransactionDate":"2018-11-19T00:00:00","TransactionCode":1,"TransactionQuantity":9200000.0,"TransactionPricePerSecurity":22.3025,"AcquiredOrDisposed":1},{"SecurityTitle":"Class A Common Stock","SecuritiesOwnedFollowingTransaction":510057.56,"DirectOrIndirectOwnership":0,"TransactionDate":"2018-11-09T00:00:00","TransactionCode":7,"TransactionQuantity":3427.0,"TransactionPricePerSecurity":11.68,"AcquiredOrDisposed":0},{"SecurityTitle":"Class A Common Stock","SecuritiesOwnedFollowingTransaction":3743.0,"DirectOrIndirectOwnership":0,"TransactionDate":"2018-08-06T00:00:00","TransactionCode":1,"TransactionQuantity":12000.0,"TransactionPricePerSecurity":34.0,"AcquiredOrDisposed":1},{"SecurityTitle":"Class A Common Stock","SecuritiesOwnedFollowingTransaction":0.0,"DirectOrIndirectOwnership":0,"TransactionDate":"2018-08-06T00:00:00","TransactionCode":1,"TransactionQuantity":2513.0,"TransactionPricePerSecurity":33.995,"AcquiredOrDisposed":1},{"SecurityTitle":"Class A Common Stock","SecuritiesOwnedFollowingTransaction":69684.0,"DirectOrIndirectOwnership":0,"TransactionDate":"2018-08-01T00:00:00","TransactionCode":7,"TransactionQuantity":60545.0,"TransactionPricePerSecurity":null,"AcquiredOrDisposed":0},{"SecurityTitle":"Class A Common Stock","SecuritiesOwnedFollowingTransaction":45858.0,"DirectOrIndirectOwnership":0,"TransactionDate":"2018-08-01T00:00:00","TransactionCode":5,"TransactionQuantity":23826.0,"TransactionPricePerSecurity":34.27,"AcquiredOrDisposed":1},{"SecurityTitle":"Class A Common Stock","SecuritiesOwnedFollowingTransaction":35339.105,"DirectOrIndirectOwnership":0,"TransactionDate":"2018-07-31T00:00:00","TransactionCode":7,"TransactionQuantity":12876.0,"TransactionPricePerSecurity":null,"AcquiredOrDisposed":0},{"SecurityTitle":"Class A Common Stock","SecuritiesOwnedFollowingTransaction":30647.105,"DirectOrIndirectOwnership":0,"TransactionDate":"2018-07-31T00:00:00","TransactionCode":5,"TransactionQuantity":4692.0,"TransactionPricePerSecurity":34.58,"AcquiredOrDisposed":1},{"SecurityTitle":"Class A Common Stock","SecuritiesOwnedFollowingTransaction":99513.64,"DirectOrIndirectOwnership":0,"TransactionDate":"2018-07-31T00:00:00","TransactionCode":7,"TransactionQuantity":16433.0,"TransactionPricePerSecurity":null,"AcquiredOrDisposed":0},{"SecurityTitle":"Class A Common Stock","SecuritiesOwnedFollowingTransaction":93046.64,"DirectOrIndirectOwnership":0,"TransactionDate":"2018-07-31T00:00:00","TransactionCode":5,"TransactionQuantity":6467.0,"TransactionPricePerSecurity":34.58,"AcquiredOrDisposed":1},{"SecurityTitle":"Class A Common Stock","SecuritiesOwnedFollowingTransaction":35887.0,"DirectOrIndirectOwnership":0,"TransactionDate":"2018-07-31T00:00:00","TransactionCode":7,"TransactionQuantity":33086.0,"TransactionPricePerSecurity":null,"AcquiredOrDisposed":0},{"SecurityTitle":"Class A Common Stock","SecuritiesOwnedFollowingTransaction":20336.0,"DirectOrIndirectOwnership":0,"TransactionDate":"2018-07-31T00:00:00","TransactionCode":5,"TransactionQuantity":15551.0,"TransactionPricePerSecurity":34.58,"AcquiredOrDisposed":1},{"SecurityTitle":"Class A Common Stock","SecuritiesOwnedFollowingTransaction":9096.0,"DirectOrIndirectOwnership":0,"TransactionDate":"2018-07-31T00:00:00","TransactionCode":7,"TransactionQuantity":9096.0,"TransactionPricePerSecurity":null,"AcquiredOrDisposed":0},{"SecurityTitle":"Class A Common Stock","SecuritiesOwnedFollowingTransaction":6880.0,"DirectOrIndirectOwnership":0,"TransactionDate":"2018-07-31T00:00:00","TransactionCode":5,"TransactionQuantity":2216.0,"TransactionPricePerSecurity":34.58,"AcquiredOrDisposed":1},{"SecurityTitle":"Class A Common Stock","SecuritiesOwnedFollowingTransaction":17567.0,"DirectOrIndirectOwnership":0,"TransactionDate":"2018-07-31T00:00:00","TransactionCode":7,"TransactionQuantity":17567.0,"TransactionPricePerSecurity":null,"AcquiredOrDisposed":0},{"SecurityTitle":"Class A Common Stock","SecuritiesOwnedFollowingTransaction":9310.0,"DirectOrIndirectOwnership":0,"TransactionDate":"2018-07-31T00:00:00","TransactionCode":5,"TransactionQuantity":8257.0,"TransactionPricePerSecurity":34.58,"AcquiredOrDisposed":1},{"SecurityTitle":"Class A Common Stock","SecuritiesOwnedFollowingTransaction":27783.0,"DirectOrIndirectOwnership":0,"TransactionDate":"2018-07-31T00:00:00","TransactionCode":7,"TransactionQuantity":24283.0,"TransactionPricePerSecurity":null,"AcquiredOrDisposed":0},{"SecurityTitle":"Class A Common Stock","SecuritiesOwnedFollowingTransaction":15743.0,"DirectOrIndirectOwnership":0,"TransactionDate":"2018-07-31T00:00:00","TransactionCode":5,"TransactionQuantity":12040.0,"TransactionPricePerSecurity":34.58,"AcquiredOrDisposed":1},{"SecurityTitle":"Class A Common Stock","SecuritiesOwnedFollowingTransaction":18905.0,"DirectOrIndirectOwnership":0,"TransactionDate":"2018-07-31T00:00:00","TransactionCode":7,"TransactionQuantity":18905.0,"TransactionPricePerSecurity":null,"AcquiredOrDisposed":0},{"SecurityTitle":"Class A Common Stock","SecuritiesOwnedFollowingTransaction":10019.0,"DirectOrIndirectOwnership":0,"TransactionDate":"2018-07-31T00:00:00","TransactionCode":5,"TransactionQuantity":8886.0,"TransactionPricePerSecurity":34.58,"AcquiredOrDisposed":1},{"SecurityTitle":"Class A Common Stock","SecuritiesOwnedFollowingTransaction":4743.0,"DirectOrIndirectOwnership":0,"TransactionDate":"2018-07-31T00:00:00","TransactionCode":7,"TransactionQuantity":4743.0,"TransactionPricePerSecurity":null,"AcquiredOrDisposed":0},{"SecurityTitle":"Class A Common Stock","SecuritiesOwnedFollowingTransaction":2513.0,"DirectOrIndirectOwnership":0,"TransactionDate":"2018-07-31T00:00:00","TransactionCode":5,"TransactionQuantity":2230.0,"TransactionPricePerSecurity":34.58,"AcquiredOrDisposed":1},{"SecurityTitle":"Class A Common Stock","SecuritiesOwnedFollowingTransaction":22027.0,"DirectOrIndirectOwnership":0,"TransactionDate":"2018-07-31T00:00:00","TransactionCode":7,"TransactionQuantity":22027.0,"TransactionPricePerSecurity":null,"AcquiredOrDisposed":0},{"SecurityTitle":"Class A Common Stock","SecuritiesOwnedFollowingTransaction":14200.0,"DirectOrIndirectOwnership":0,"TransactionDate":"2018-07-31T00:00:00","TransactionCode":5,"TransactionQuantity":7827.0,"TransactionPricePerSecurity":34.58,"AcquiredOrDisposed":1},{"SecurityTitle":"Class B Common Stock","SecuritiesOwnedFollowingTransaction":124569780.0,"DirectOrIndirectOwnership":0,"TransactionDate":"2018-05-30T00:00:00","TransactionCode":4,"TransactionQuantity":1578948.0,"TransactionPricePerSecurity":null,"AcquiredOrDisposed":1},{"SecurityTitle":"Class B Common Stock","SecuritiesOwnedFollowingTransaction":563173300.0,"DirectOrIndirectOwnership":1,"TransactionDate":"2018-05-30T00:00:00","TransactionCode":4,"TransactionQuantity":7138339.0,"TransactionPricePerSecurity":null,"AcquiredOrDisposed":1},{"SecurityTitle":"Class A Common Stock","SecuritiesOwnedFollowingTransaction":3042.0,"DirectOrIndirectOwnership":0,"TransactionDate":"2018-05-09T00:00:00","TransactionCode":7,"TransactionQuantity":3042.0,"TransactionPricePerSecurity":29.94,"AcquiredOrDisposed":0},{"SecurityTitle":"Class A Common Stock","SecuritiesOwnedFollowingTransaction":6720.0,"DirectOrIndirectOwnership":0,"TransactionDate":"2018-05-09T00:00:00","TransactionCode":7,"TransactionQuantity":3678.0,"TransactionPricePerSecurity":21.8,"AcquiredOrDisposed":0},{"SecurityTitle":"Class A Common Stock","SecuritiesOwnedFollowingTransaction":12773.0,"DirectOrIndirectOwnership":0,"TransactionDate":"2018-05-09T00:00:00","TransactionCode":7,"TransactionQuantity":6053.0,"TransactionPricePerSecurity":27.71,"AcquiredOrDisposed":0},{"SecurityTitle":"Class A Common Stock","SecuritiesOwnedFollowingTransaction":19571.0,"DirectOrIndirectOwnership":0,"TransactionDate":"2018-05-09T00:00:00","TransactionCode":7,"TransactionQuantity":6798.0,"TransactionPricePerSecurity":30.25,"AcquiredOrDisposed":0},{"SecurityTitle":"Class A Common Stock","SecuritiesOwnedFollowingTransaction":0.0,"DirectOrIndirectOwnership":0,"TransactionDate":"2018-05-09T00:00:00","TransactionCode":1,"TransactionQuantity":19571.0,"TransactionPricePerSecurity":36.974,"AcquiredOrDisposed":1},{"SecurityTitle":"Class A Common Stock","SecuritiesOwnedFollowingTransaction":5380.0,"DirectOrIndirectOwnership":0,"TransactionDate":"2018-05-09T00:00:00","TransactionCode":7,"TransactionQuantity":4176.0,"TransactionPricePerSecurity":0.0,"AcquiredOrDisposed":0},{"SecurityTitle":"Class A Common Stock","SecuritiesOwnedFollowingTransaction":28816.0,"DirectOrIndirectOwnership":0,"TransactionDate":"2018-05-09T00:00:00","TransactionCode":7,"TransactionQuantity":4176.0,"TransactionPricePerSecurity":0.0,"AcquiredOrDisposed":0},{"SecurityTitle":"Class A Common Stock","SecuritiesOwnedFollowingTransaction":506630.56,"DirectOrIndirectOwnership":0,"TransactionDate":"2018-05-09T00:00:00","TransactionCode":7,"TransactionQuantity":4176.0,"TransactionPricePerSecurity":0.0,"AcquiredOrDisposed":0},{"SecurityTitle":"Class A Common Stock","SecuritiesOwnedFollowingTransaction":43374.0,"DirectOrIndirectOwnership":0,"TransactionDate":"2018-05-09T00:00:00","TransactionCode":7,"TransactionQuantity":4176.0,"TransactionPricePerSecurity":0.0,"AcquiredOrDisposed":0},{"SecurityTitle":"Class A Common Stock","SecuritiesOwnedFollowingTransaction":101842.0,"DirectOrIndirectOwnership":0,"TransactionDate":"2018-05-09T00:00:00","TransactionCode":7,"TransactionQuantity":4176.0,"TransactionPricePerSecurity":0.0,"AcquiredOrDisposed":0},{"SecurityTitle":"Class A Common Stock","SecuritiesOwnedFollowingTransaction":12114.0,"DirectOrIndirectOwnership":0,"TransactionDate":"2018-05-09T00:00:00","TransactionCode":7,"TransactionQuantity":4176.0,"TransactionPricePerSecurity":0.0,"AcquiredOrDisposed":0},{"SecurityTitle":"Class A Common Stock","SecuritiesOwnedFollowingTransaction":22663.105,"DirectOrIndirectOwnership":0,"TransactionDate":"2018-05-01T00:00:00","TransactionCode":1,"TransactionQuantity":6343.0,"TransactionPricePerSecurity":35.82,"AcquiredOrDisposed":1},{"SecurityTitle":"Class A Common Stock","SecuritiesOwnedFollowingTransaction":22463.105,"DirectOrIndirectOwnership":0,"TransactionDate":"2018-05-01T00:00:00","TransactionCode":1,"TransactionQuantity":200.0,"TransactionPricePerSecurity":35.84,"AcquiredOrDisposed":1},{"SecurityTitle":"Class B Common Stock","SecuritiesOwnedFollowingTransaction":126148730.0,"DirectOrIndirectOwnership":0,"TransactionDate":"2018-03-29T00:00:00","TransactionCode":4,"TransactionQuantity":1906172.0,"TransactionPricePerSecurity":null,"AcquiredOrDisposed":1},{"SecurityTitle":"Class B Common Stock","SecuritiesOwnedFollowingTransaction":570311700.0,"DirectOrIndirectOwnership":1,"TransactionDate":"2018-03-29T00:00:00","TransactionCode":4,"TransactionQuantity":8617701.0,"TransactionPricePerSecurity":null,"AcquiredOrDisposed":1},{"SecurityTitle":"Class A Common Stock","SecuritiesOwnedFollowingTransaction":84780.64,"DirectOrIndirectOwnership":0,"TransactionDate":"2018-01-25T00:00:00","TransactionCode":7,"TransactionQuantity":6981.0,"TransactionPricePerSecurity":0.0,"AcquiredOrDisposed":0},{"SecurityTitle":"Class A Common Stock","SecuritiesOwnedFollowingTransaction":83080.64,"DirectOrIndirectOwnership":0,"TransactionDate":"2018-01-25T00:00:00","TransactionCode":5,"TransactionQuantity":1700.0,"TransactionPricePerSecurity":33.78,"AcquiredOrDisposed":1},{"SecurityTitle":"Class A Common Stock","SecuritiesOwnedFollowingTransaction":30235.105,"DirectOrIndirectOwnership":0,"TransactionDate":"2018-01-25T00:00:00","TransactionCode":7,"TransactionQuantity":5045.0,"TransactionPricePerSecurity":0.0,"AcquiredOrDisposed":0},{"SecurityTitle":"Class A Common Stock","SecuritiesOwnedFollowingTransaction":29006.105,"DirectOrIndirectOwnership":0,"TransactionDate":"2018-01-25T00:00:00","TransactionCode":5,"TransactionQuantity":1229.0,"TransactionPricePerSecurity":33.78,"AcquiredOrDisposed":1},{"SecurityTitle":"Class A Common Stock","SecuritiesOwnedFollowingTransaction":25190.105,"DirectOrIndirectOwnership":0,"TransactionDate":"2018-01-09T00:00:00","TransactionCode":1,"TransactionQuantity":5000.0,"TransactionPricePerSecurity":35.0,"AcquiredOrDisposed":1},{"SecurityTitle":"Class B Common Stock","SecuritiesOwnedFollowingTransaction":128119300.0,"DirectOrIndirectOwnership":0,"TransactionDate":"2017-12-28T00:00:00","TransactionCode":4,"TransactionQuantity":1769794.0,"TransactionPricePerSecurity":null,"AcquiredOrDisposed":1},{"SecurityTitle":"Class B Common Stock","SecuritiesOwnedFollowingTransaction":579220500.0,"DirectOrIndirectOwnership":1,"TransactionDate":"2017-12-28T00:00:00","TransactionCode":4,"TransactionQuantity":8001143.0,"TransactionPricePerSecurity":null,"AcquiredOrDisposed":1},{"SecurityTitle":"Class B Common Stock","SecuritiesOwnedFollowingTransaction":128054900.0,"DirectOrIndirectOwnership":0,"TransactionDate":"2017-12-29T00:00:00","TransactionCode":4,"TransactionQuantity":64397.0,"TransactionPricePerSecurity":null,"AcquiredOrDisposed":1},{"SecurityTitle":"Class B Common Stock","SecuritiesOwnedFollowingTransaction":578929340.0,"DirectOrIndirectOwnership":1,"TransactionDate":"2017-12-29T00:00:00","TransactionCode":4,"TransactionQuantity":291134.0,"TransactionPricePerSecurity":null,"AcquiredOrDisposed":1},{"SecurityTitle":"Class A Common Stock","SecuritiesOwnedFollowingTransaction":8153.0,"DirectOrIndirectOwnership":0,"TransactionDate":"2017-12-15T00:00:00","TransactionCode":3,"TransactionQuantity":1584.0,"TransactionPricePerSecurity":0.0,"AcquiredOrDisposed":0},{"SecurityTitle":"Class A Common Stock","SecuritiesOwnedFollowingTransaction":97919.0,"DirectOrIndirectOwnership":0,"TransactionDate":"2017-12-15T00:00:00","TransactionCode":3,"TransactionQuantity":1457.0,"TransactionPricePerSecurity":0.0,"AcquiredOrDisposed":0},{"SecurityTitle":"Class A Common Stock","SecuritiesOwnedFollowingTransaction":1457.0,"DirectOrIndirectOwnership":0,"TransactionDate":"2017-12-15T00:00:00","TransactionCode":3,"TransactionQuantity":1457.0,"TransactionPricePerSecurity":0.0,"AcquiredOrDisposed":0},{"SecurityTitle":"Class A Common Stock","SecuritiesOwnedFollowingTransaction":3500.0,"DirectOrIndirectOwnership":0,"TransactionDate":"2017-10-26T00:00:00","TransactionCode":0,"TransactionQuantity":1500.0,"TransactionPricePerSecurity":30.04,"AcquiredOrDisposed":0},{"SecurityTitle":"Class A Common Stock","SecuritiesOwnedFollowingTransaction":9139.0,"DirectOrIndirectOwnership":0,"TransactionDate":"2017-08-18T00:00:00","TransactionCode":0,"TransactionQuantity":6100.0,"TransactionPricePerSecurity":32.9899,"AcquiredOrDisposed":0},{"SecurityTitle":"Class A Common Stock","SecuritiesOwnedFollowingTransaction":5000.0,"DirectOrIndirectOwnership":0,"TransactionDate":"2017-08-02T00:00:00","TransactionCode":0,"TransactionQuantity":5000.0,"TransactionPricePerSecurity":35.3717,"AcquiredOrDisposed":0},{"SecurityTitle":"Class A Common Stock","SecuritiesOwnedFollowingTransaction":19108.0,"DirectOrIndirectOwnership":0,"TransactionDate":"2017-08-03T00:00:00","TransactionCode":7,"TransactionQuantity":1119.0,"TransactionPricePerSecurity":22.46,"AcquiredOrDisposed":0},{"SecurityTitle":"Class A Common Stock","SecuritiesOwnedFollowingTransaction":21587.0,"DirectOrIndirectOwnership":0,"TransactionDate":"2017-08-03T00:00:00","TransactionCode":7,"TransactionQuantity":2479.0,"TransactionPricePerSecurity":23.35,"AcquiredOrDisposed":0},{"SecurityTitle":"Class A Common Stock","SecuritiesOwnedFollowingTransaction":22587.0,"DirectOrIndirectOwnership":0,"TransactionDate":"2017-08-03T00:00:00","TransactionCode":7,"TransactionQuantity":1000.0,"TransactionPricePerSecurity":22.93,"AcquiredOrDisposed":0},{"SecurityTitle":"Class A Common Stock","SecuritiesOwnedFollowingTransaction":25090.0,"DirectOrIndirectOwnership":0,"TransactionDate":"2017-08-03T00:00:00","TransactionCode":7,"TransactionQuantity":2503.0,"TransactionPricePerSecurity":21.8,"AcquiredOrDisposed":0},{"SecurityTitle":"Class A Common Stock","SecuritiesOwnedFollowingTransaction":2801.0,"DirectOrIndirectOwnership":0,"TransactionDate":"2017-08-02T00:00:00","TransactionCode":0,"TransactionQuantity":2801.0,"TransactionPricePerSecurity":35.24,"AcquiredOrDisposed":0},{"SecurityTitle":"Class A Common Stock","SecuritiesOwnedFollowingTransaction":77799.64,"DirectOrIndirectOwnership":0,"TransactionDate":"2017-07-03T00:00:00","TransactionCode":5,"TransactionQuantity":22173.0,"TransactionPricePerSecurity":37.25,"AcquiredOrDisposed":1},{"SecurityTitle":"Class A Common Stock","SecuritiesOwnedFollowingTransaction":30190.105,"DirectOrIndirectOwnership":0,"TransactionDate":"2017-07-03T00:00:00","TransactionCode":5,"TransactionQuantity":10943.0,"TransactionPricePerSecurity":37.25,"AcquiredOrDisposed":1},{"SecurityTitle":"Class A Common Stock","SecuritiesOwnedFollowingTransaction":144177.78,"DirectOrIndirectOwnership":0,"TransactionDate":"2017-07-03T00:00:00","TransactionCode":5,"TransactionQuantity":48725.0,"TransactionPricePerSecurity":37.25,"AcquiredOrDisposed":1},{"SecurityTitle":"Class A Common Stock","SecuritiesOwnedFollowingTransaction":404963.5,"DirectOrIndirectOwnership":0,"TransactionDate":"2017-07-03T00:00:00","TransactionCode":5,"TransactionQuantity":90332.0,"TransactionPricePerSecurity":37.25,"AcquiredOrDisposed":1},{"SecurityTitle":"Class A Common Stock","SecuritiesOwnedFollowingTransaction":488937.5,"DirectOrIndirectOwnership":0,"TransactionDate":"2017-07-03T00:00:00","TransactionCode":7,"TransactionQuantity":83974.0,"TransactionPricePerSecurity":null,"AcquiredOrDisposed":0},{"SecurityTitle":"Class A Common Stock","SecuritiesOwnedFollowingTransaction":453709.5,"DirectOrIndirectOwnership":0,"TransactionDate":"2017-07-03T00:00:00","TransactionCode":5,"TransactionQuantity":35228.0,"TransactionPricePerSecurity":37.25,"AcquiredOrDisposed":1},{"SecurityTitle":"Class A Common Stock","SecuritiesOwnedFollowingTransaction":537683.5,"DirectOrIndirectOwnership":0,"TransactionDate":"2017-07-03T00:00:00","TransactionCode":7,"TransactionQuantity":83974.0,"TransactionPricePerSecurity":null,"AcquiredOrDisposed":0},{"SecurityTitle":"Class A Common Stock","SecuritiesOwnedFollowingTransaction":502455.5,"DirectOrIndirectOwnership":0,"TransactionDate":"2017-07-03T00:00:00","TransactionCode":5,"TransactionQuantity":35228.0,"TransactionPricePerSecurity":37.25,"AcquiredOrDisposed":1}]