[{"SecurityTitle":"Common Stock, par value $0.01 per share","SecuritiesOwnedFollowingTransaction":1.0,"DirectOrIndirectOwnership":0,"TransactionDate":null,"TransactionCode":null,"TransactionQuantity":null,"TransactionPricePerSecurity":null,"AcquiredOrDisposed":null},{"SecurityTitle":"Common Stock","SecuritiesOwnedFollowingTransaction":56893.0,"DirectOrIndirectOwnership":0,"TransactionDate":"2021-05-01T00:00:00","TransactionCode":7,"TransactionQuantity":39779.0,"TransactionPricePerSecurity":0.0,"AcquiredOrDisposed":0},{"SecurityTitle":"Common Stock","SecuritiesOwnedFollowingTransaction":41239.0,"DirectOrIndirectOwnership":0,"TransactionDate":"2021-05-01T00:00:00","TransactionCode":5,"TransactionQuantity":15654.0,"TransactionPricePerSecurity":43.58,"AcquiredOrDisposed":1},{"SecurityTitle":"Common Stock","SecuritiesOwnedFollowingTransaction":46625.0,"DirectOrIndirectOwnership":0,"TransactionDate":"2021-04-30T00:00:00","TransactionCode":7,"TransactionQuantity":46625.0,"TransactionPricePerSecurity":0.0,"AcquiredOrDisposed":0},{"SecurityTitle":"Common Stock","SecuritiesOwnedFollowingTransaction":30560.0,"DirectOrIndirectOwnership":0,"TransactionDate":"2021-04-30T00:00:00","TransactionCode":5,"TransactionQuantity":16065.0,"TransactionPricePerSecurity":43.58,"AcquiredOrDisposed":1},{"SecurityTitle":"Common Stock","SecuritiesOwnedFollowingTransaction":0.0,"DirectOrIndirectOwnership":1,"TransactionDate":"2021-03-12T00:00:00","TransactionCode":1,"TransactionQuantity":27486.0,"TransactionPricePerSecurity":39.2333,"AcquiredOrDisposed":1},{"SecurityTitle":"Common Stock","SecuritiesOwnedFollowingTransaction":0.0,"DirectOrIndirectOwnership":1,"TransactionDate":"2021-02-23T00:00:00","TransactionCode":1,"TransactionQuantity":11.0,"TransactionPricePerSecurity":37.1,"AcquiredOrDisposed":1},{"SecurityTitle":"Common Stock","SecuritiesOwnedFollowingTransaction":27486.0,"DirectOrIndirectOwnership":1,"TransactionDate":null,"TransactionCode":null,"TransactionQuantity":null,"TransactionPricePerSecurity":null,"AcquiredOrDisposed":null},{"SecurityTitle":"Common Stock","SecuritiesOwnedFollowingTransaction":12.0,"DirectOrIndirectOwnership":0,"TransactionDate":"2021-02-11T00:00:00","TransactionCode":1,"TransactionQuantity":3578.0,"TransactionPricePerSecurity":36.872,"AcquiredOrDisposed":1},{"SecurityTitle":"Common Stock","SecuritiesOwnedFollowingTransaction":132.0,"DirectOrIndirectOwnership":0,"TransactionDate":"2021-02-10T00:00:00","TransactionCode":7,"TransactionQuantity":132.0,"TransactionPricePerSecurity":0.0,"AcquiredOrDisposed":0},{"SecurityTitle":"Common Stock","SecuritiesOwnedFollowingTransaction":83.0,"DirectOrIndirectOwnership":0,"TransactionDate":"2021-02-10T00:00:00","TransactionCode":5,"TransactionQuantity":49.0,"TransactionPricePerSecurity":37.19,"AcquiredOrDisposed":1},{"SecurityTitle":"Common Stock","SecuritiesOwnedFollowingTransaction":28000.0,"DirectOrIndirectOwnership":1,"TransactionDate":null,"TransactionCode":null,"TransactionQuantity":null,"TransactionPricePerSecurity":null,"AcquiredOrDisposed":null},{"SecurityTitle":"Common Stock","SecuritiesOwnedFollowingTransaction":278771.0,"DirectOrIndirectOwnership":1,"TransactionDate":null,"TransactionCode":null,"TransactionQuantity":null,"TransactionPricePerSecurity":null,"AcquiredOrDisposed":null},{"SecurityTitle":"Common Stock","SecuritiesOwnedFollowingTransaction":2829.0,"DirectOrIndirectOwnership":1,"TransactionDate":null,"TransactionCode":null,"TransactionQuantity":null,"TransactionPricePerSecurity":null,"AcquiredOrDisposed":null},{"SecurityTitle":"Common Stock","SecuritiesOwnedFollowingTransaction":3594.0,"DirectOrIndirectOwnership":0,"TransactionDate":"2021-02-10T00:00:00","TransactionCode":7,"TransactionQuantity":16.0,"TransactionPricePerSecurity":0.0,"AcquiredOrDisposed":0},{"SecurityTitle":"Common Stock","SecuritiesOwnedFollowingTransaction":3590.0,"DirectOrIndirectOwnership":0,"TransactionDate":"2021-02-10T00:00:00","TransactionCode":5,"TransactionQuantity":4.0,"TransactionPricePerSecurity":37.19,"AcquiredOrDisposed":1},{"SecurityTitle":"Common Stock","SecuritiesOwnedFollowingTransaction":17879.0,"DirectOrIndirectOwnership":0,"TransactionDate":"2021-02-10T00:00:00","TransactionCode":7,"TransactionQuantity":19.0,"TransactionPricePerSecurity":0.0,"AcquiredOrDisposed":0},{"SecurityTitle":"Common Stock","SecuritiesOwnedFollowingTransaction":17874.0,"DirectOrIndirectOwnership":0,"TransactionDate":"2021-02-10T00:00:00","TransactionCode":5,"TransactionQuantity":5.0,"TransactionPricePerSecurity":37.19,"AcquiredOrDisposed":1},{"SecurityTitle":"Common Stock","SecuritiesOwnedFollowingTransaction":1472.0,"DirectOrIndirectOwnership":1,"TransactionDate":null,"TransactionCode":null,"TransactionQuantity":null,"TransactionPricePerSecurity":null,"AcquiredOrDisposed":null},{"SecurityTitle":"Common Stock","SecuritiesOwnedFollowingTransaction":40036.0,"DirectOrIndirectOwnership":0,"TransactionDate":"2021-02-10T00:00:00","TransactionCode":7,"TransactionQuantity":57.0,"TransactionPricePerSecurity":0.0,"AcquiredOrDisposed":0},{"SecurityTitle":"Common Stock","SecuritiesOwnedFollowingTransaction":40014.0,"DirectOrIndirectOwnership":0,"TransactionDate":"2021-02-10T00:00:00","TransactionCode":5,"TransactionQuantity":22.0,"TransactionPricePerSecurity":37.19,"AcquiredOrDisposed":1},{"SecurityTitle":"Common Stock","SecuritiesOwnedFollowingTransaction":17120.0,"DirectOrIndirectOwnership":0,"TransactionDate":"2021-02-10T00:00:00","TransactionCode":7,"TransactionQuantity":23.0,"TransactionPricePerSecurity":0.0,"AcquiredOrDisposed":0},{"SecurityTitle":"Common Stock","SecuritiesOwnedFollowingTransaction":17114.0,"DirectOrIndirectOwnership":0,"TransactionDate":"2021-02-10T00:00:00","TransactionCode":5,"TransactionQuantity":6.0,"TransactionPricePerSecurity":37.19,"AcquiredOrDisposed":1},{"SecurityTitle":"Common Stock","SecuritiesOwnedFollowingTransaction":37638.0,"DirectOrIndirectOwnership":0,"TransactionDate":"2021-02-10T00:00:00","TransactionCode":7,"TransactionQuantity":49.0,"TransactionPricePerSecurity":0.0,"AcquiredOrDisposed":0},{"SecurityTitle":"Common Stock","SecuritiesOwnedFollowingTransaction":37617.0,"DirectOrIndirectOwnership":0,"TransactionDate":"2021-02-10T00:00:00","TransactionCode":5,"TransactionQuantity":21.0,"TransactionPricePerSecurity":37.19,"AcquiredOrDisposed":1},{"SecurityTitle":"Common Stock","SecuritiesOwnedFollowingTransaction":1631.0,"DirectOrIndirectOwnership":1,"TransactionDate":null,"TransactionCode":null,"TransactionQuantity":null,"TransactionPricePerSecurity":null,"AcquiredOrDisposed":null},{"SecurityTitle":"Common Stock","SecuritiesOwnedFollowingTransaction":27722.0,"DirectOrIndirectOwnership":0,"TransactionDate":"2021-02-10T00:00:00","TransactionCode":7,"TransactionQuantity":29.0,"TransactionPricePerSecurity":0.0,"AcquiredOrDisposed":0},{"SecurityTitle":"Common Stock","SecuritiesOwnedFollowingTransaction":27710.0,"DirectOrIndirectOwnership":0,"TransactionDate":"2021-02-10T00:00:00","TransactionCode":5,"TransactionQuantity":12.0,"TransactionPricePerSecurity":37.19,"AcquiredOrDisposed":1},{"SecurityTitle":"Common Stock","SecuritiesOwnedFollowingTransaction":11.0,"DirectOrIndirectOwnership":1,"TransactionDate":null,"TransactionCode":null,"TransactionQuantity":null,"TransactionPricePerSecurity":null,"AcquiredOrDisposed":null},{"SecurityTitle":"Common Stock","SecuritiesOwnedFollowingTransaction":17860.0,"DirectOrIndirectOwnership":0,"TransactionDate":null,"TransactionCode":null,"TransactionQuantity":null,"TransactionPricePerSecurity":null,"AcquiredOrDisposed":null},{"SecurityTitle":"Common Stock","SecuritiesOwnedFollowingTransaction":1472.0,"DirectOrIndirectOwnership":1,"TransactionDate":null,"TransactionCode":null,"TransactionQuantity":null,"TransactionPricePerSecurity":null,"AcquiredOrDisposed":null},{"SecurityTitle":"Common Stock","SecuritiesOwnedFollowingTransaction":17097.0,"DirectOrIndirectOwnership":0,"TransactionDate":null,"TransactionCode":null,"TransactionQuantity":null,"TransactionPricePerSecurity":null,"AcquiredOrDisposed":null},{"SecurityTitle":"Common Stock","SecuritiesOwnedFollowingTransaction":516.0,"DirectOrIndirectOwnership":0,"TransactionDate":null,"TransactionCode":null,"TransactionQuantity":null,"TransactionPricePerSecurity":null,"AcquiredOrDisposed":null},{"SecurityTitle":"Common Stock","SecuritiesOwnedFollowingTransaction":39979.0,"DirectOrIndirectOwnership":0,"TransactionDate":null,"TransactionCode":null,"TransactionQuantity":null,"TransactionPricePerSecurity":null,"AcquiredOrDisposed":null},{"SecurityTitle":"Common Stock","SecuritiesOwnedFollowingTransaction":27693.0,"DirectOrIndirectOwnership":0,"TransactionDate":null,"TransactionCode":null,"TransactionQuantity":null,"TransactionPricePerSecurity":null,"AcquiredOrDisposed":null},{"SecurityTitle":"Common Stock","SecuritiesOwnedFollowingTransaction":11.0,"DirectOrIndirectOwnership":1,"TransactionDate":null,"TransactionCode":null,"TransactionQuantity":null,"TransactionPricePerSecurity":null,"AcquiredOrDisposed":null},{"SecurityTitle":"Common Stock","SecuritiesOwnedFollowingTransaction":37589.0,"DirectOrIndirectOwnership":0,"TransactionDate":null,"TransactionCode":null,"TransactionQuantity":null,"TransactionPricePerSecurity":null,"AcquiredOrDisposed":null},{"SecurityTitle":"Common Stock","SecuritiesOwnedFollowingTransaction":1631.0,"DirectOrIndirectOwnership":1,"TransactionDate":null,"TransactionCode":null,"TransactionQuantity":null,"TransactionPricePerSecurity":null,"AcquiredOrDisposed":null},{"SecurityTitle":"Common Stock","SecuritiesOwnedFollowingTransaction":99482.0,"DirectOrIndirectOwnership":0,"TransactionDate":null,"TransactionCode":null,"TransactionQuantity":null,"TransactionPricePerSecurity":null,"AcquiredOrDisposed":null},{"SecurityTitle":"Common Stock","SecuritiesOwnedFollowingTransaction":28000.0,"DirectOrIndirectOwnership":1,"TransactionDate":null,"TransactionCode":null,"TransactionQuantity":null,"TransactionPricePerSecurity":null,"AcquiredOrDisposed":null},{"SecurityTitle":"Common Stock","SecuritiesOwnedFollowingTransaction":179289.0,"DirectOrIndirectOwnership":1,"TransactionDate":null,"TransactionCode":null,"TransactionQuantity":null,"TransactionPricePerSecurity":null,"AcquiredOrDisposed":null},{"SecurityTitle":"Common Stock","SecuritiesOwnedFollowingTransaction":2829.0,"DirectOrIndirectOwnership":1,"TransactionDate":null,"TransactionCode":null,"TransactionQuantity":null,"TransactionPricePerSecurity":null,"AcquiredOrDisposed":null},{"SecurityTitle":"Common Stock","SecuritiesOwnedFollowingTransaction":3578.0,"DirectOrIndirectOwnership":0,"TransactionDate":null,"TransactionCode":null,"TransactionQuantity":null,"TransactionPricePerSecurity":null,"AcquiredOrDisposed":null},{"SecurityTitle":"Common Stock","SecuritiesOwnedFollowingTransaction":4978.0,"DirectOrIndirectOwnership":0,"TransactionDate":"2021-02-03T00:00:00","TransactionCode":7,"TransactionQuantity":4978.0,"TransactionPricePerSecurity":0.0,"AcquiredOrDisposed":0},{"SecurityTitle":"Common Stock","SecuritiesOwnedFollowingTransaction":3578.0,"DirectOrIndirectOwnership":0,"TransactionDate":"2021-02-03T00:00:00","TransactionCode":5,"TransactionQuantity":1400.0,"TransactionPricePerSecurity":38.15,"AcquiredOrDisposed":1},{"SecurityTitle":"Common Stock","SecuritiesOwnedFollowingTransaction":35435.0,"DirectOrIndirectOwnership":0,"TransactionDate":"2021-01-02T00:00:00","TransactionCode":7,"TransactionQuantity":17718.0,"TransactionPricePerSecurity":0.0,"AcquiredOrDisposed":0},{"SecurityTitle":"Common Stock","SecuritiesOwnedFollowingTransaction":48322.0,"DirectOrIndirectOwnership":0,"TransactionDate":"2021-01-02T00:00:00","TransactionCode":7,"TransactionQuantity":12887.0,"TransactionPricePerSecurity":0.0,"AcquiredOrDisposed":0},{"SecurityTitle":"Common Stock","SecuritiesOwnedFollowingTransaction":44424.0,"DirectOrIndirectOwnership":0,"TransactionDate":"2021-01-02T00:00:00","TransactionCode":5,"TransactionQuantity":3898.0,"TransactionPricePerSecurity":37.03,"AcquiredOrDisposed":1},{"SecurityTitle":"Common Stock","SecuritiesOwnedFollowingTransaction":39979.0,"DirectOrIndirectOwnership":0,"TransactionDate":"2021-01-02T00:00:00","TransactionCode":5,"TransactionQuantity":4445.0,"TransactionPricePerSecurity":37.03,"AcquiredOrDisposed":1},{"SecurityTitle":"Common Stock","SecuritiesOwnedFollowingTransaction":14114.0,"DirectOrIndirectOwnership":0,"TransactionDate":"2021-01-02T00:00:00","TransactionCode":7,"TransactionQuantity":11649.0,"TransactionPricePerSecurity":0.0,"AcquiredOrDisposed":0},{"SecurityTitle":"Common Stock","SecuritiesOwnedFollowingTransaction":21225.0,"DirectOrIndirectOwnership":0,"TransactionDate":"2021-01-02T00:00:00","TransactionCode":7,"TransactionQuantity":7111.0,"TransactionPricePerSecurity":0.0,"AcquiredOrDisposed":0},{"SecurityTitle":"Common Stock","SecuritiesOwnedFollowingTransaction":19660.0,"DirectOrIndirectOwnership":0,"TransactionDate":"2021-01-02T00:00:00","TransactionCode":5,"TransactionQuantity":1565.0,"TransactionPricePerSecurity":37.03,"AcquiredOrDisposed":1},{"SecurityTitle":"Common Stock","SecuritiesOwnedFollowingTransaction":17097.0,"DirectOrIndirectOwnership":0,"TransactionDate":"2021-01-02T00:00:00","TransactionCode":5,"TransactionQuantity":2563.0,"TransactionPricePerSecurity":37.03,"AcquiredOrDisposed":1},{"SecurityTitle":"Common Stock","SecuritiesOwnedFollowingTransaction":15921.0,"DirectOrIndirectOwnership":0,"TransactionDate":"2021-01-02T00:00:00","TransactionCode":7,"TransactionQuantity":10109.0,"TransactionPricePerSecurity":0.0,"AcquiredOrDisposed":0},{"SecurityTitle":"Common Stock","SecuritiesOwnedFollowingTransaction":21927.0,"DirectOrIndirectOwnership":0,"TransactionDate":"2021-01-02T00:00:00","TransactionCode":7,"TransactionQuantity":6006.0,"TransactionPricePerSecurity":0.0,"AcquiredOrDisposed":0},{"SecurityTitle":"Common Stock","SecuritiesOwnedFollowingTransaction":20513.0,"DirectOrIndirectOwnership":0,"TransactionDate":"2021-01-02T00:00:00","TransactionCode":5,"TransactionQuantity":1414.0,"TransactionPricePerSecurity":37.03,"AcquiredOrDisposed":1},{"SecurityTitle":"Common Stock","SecuritiesOwnedFollowingTransaction":17860.0,"DirectOrIndirectOwnership":0,"TransactionDate":"2021-01-02T00:00:00","TransactionCode":5,"TransactionQuantity":2653.0,"TransactionPricePerSecurity":37.03,"AcquiredOrDisposed":1},{"SecurityTitle":"Common Stock","SecuritiesOwnedFollowingTransaction":1472.0,"DirectOrIndirectOwnership":1,"TransactionDate":null,"TransactionCode":null,"TransactionQuantity":null,"TransactionPricePerSecurity":null,"AcquiredOrDisposed":null},{"SecurityTitle":"Common Stock","SecuritiesOwnedFollowingTransaction":28047.0,"DirectOrIndirectOwnership":0,"TransactionDate":"2021-01-02T00:00:00","TransactionCode":7,"TransactionQuantity":24915.0,"TransactionPricePerSecurity":0.0,"AcquiredOrDisposed":0},{"SecurityTitle":"Common Stock","SecuritiesOwnedFollowingTransaction":36896.0,"DirectOrIndirectOwnership":0,"TransactionDate":"2021-01-02T00:00:00","TransactionCode":7,"TransactionQuantity":8849.0,"TransactionPricePerSecurity":0.0,"AcquiredOrDisposed":0},{"SecurityTitle":"Common Stock","SecuritiesOwnedFollowingTransaction":34789.0,"DirectOrIndirectOwnership":0,"TransactionDate":"2021-01-02T00:00:00","TransactionCode":5,"TransactionQuantity":2107.0,"TransactionPricePerSecurity":37.03,"AcquiredOrDisposed":1},{"SecurityTitle":"Common Stock","SecuritiesOwnedFollowingTransaction":27693.0,"DirectOrIndirectOwnership":0,"TransactionDate":"2021-01-02T00:00:00","TransactionCode":5,"TransactionQuantity":7096.0,"TransactionPricePerSecurity":37.03,"AcquiredOrDisposed":1},{"SecurityTitle":"Common Stock","SecuritiesOwnedFollowingTransaction":11.0,"DirectOrIndirectOwnership":1,"TransactionDate":null,"TransactionCode":null,"TransactionQuantity":null,"TransactionPricePerSecurity":null,"AcquiredOrDisposed":null},{"SecurityTitle":"Common Stock","SecuritiesOwnedFollowingTransaction":43018.0,"DirectOrIndirectOwnership":0,"TransactionDate":"2021-01-02T00:00:00","TransactionCode":7,"TransactionQuantity":43018.0,"TransactionPricePerSecurity":0.0,"AcquiredOrDisposed":0},{"SecurityTitle":"Common Stock","SecuritiesOwnedFollowingTransaction":58178.0,"DirectOrIndirectOwnership":0,"TransactionDate":"2021-01-02T00:00:00","TransactionCode":7,"TransactionQuantity":15160.0,"TransactionPricePerSecurity":0.0,"AcquiredOrDisposed":0},{"SecurityTitle":"Common Stock","SecuritiesOwnedFollowingTransaction":54031.0,"DirectOrIndirectOwnership":0,"TransactionDate":"2021-01-02T00:00:00","TransactionCode":5,"TransactionQuantity":4147.0,"TransactionPricePerSecurity":37.03,"AcquiredOrDisposed":1},{"SecurityTitle":"Common Stock","SecuritiesOwnedFollowingTransaction":37589.0,"DirectOrIndirectOwnership":0,"TransactionDate":"2021-01-02T00:00:00","TransactionCode":5,"TransactionQuantity":16442.0,"TransactionPricePerSecurity":37.03,"AcquiredOrDisposed":1},{"SecurityTitle":"Common Stock","SecuritiesOwnedFollowingTransaction":1631.0,"DirectOrIndirectOwnership":1,"TransactionDate":null,"TransactionCode":null,"TransactionQuantity":null,"TransactionPricePerSecurity":null,"AcquiredOrDisposed":null},{"SecurityTitle":"Common Stock","SecuritiesOwnedFollowingTransaction":114611.0,"DirectOrIndirectOwnership":0,"TransactionDate":"2021-01-02T00:00:00","TransactionCode":7,"TransactionQuantity":114611.0,"TransactionPricePerSecurity":0.0,"AcquiredOrDisposed":0},{"SecurityTitle":"Common Stock","SecuritiesOwnedFollowingTransaction":155706.0,"DirectOrIndirectOwnership":0,"TransactionDate":"2021-01-02T00:00:00","TransactionCode":7,"TransactionQuantity":41095.0,"TransactionPricePerSecurity":0.0,"AcquiredOrDisposed":0},{"SecurityTitle":"Common Stock","SecuritiesOwnedFollowingTransaction":143848.0,"DirectOrIndirectOwnership":0,"TransactionDate":"2021-01-02T00:00:00","TransactionCode":5,"TransactionQuantity":11858.0,"TransactionPricePerSecurity":37.03,"AcquiredOrDisposed":1},{"SecurityTitle":"Common Stock","SecuritiesOwnedFollowingTransaction":99482.0,"DirectOrIndirectOwnership":0,"TransactionDate":"2021-01-02T00:00:00","TransactionCode":5,"TransactionQuantity":44366.0,"TransactionPricePerSecurity":37.03,"AcquiredOrDisposed":1},{"SecurityTitle":"Common Stock","SecuritiesOwnedFollowingTransaction":28000.0,"DirectOrIndirectOwnership":1,"TransactionDate":null,"TransactionCode":null,"TransactionQuantity":null,"TransactionPricePerSecurity":null,"AcquiredOrDisposed":null},{"SecurityTitle":"Common Stock","SecuritiesOwnedFollowingTransaction":179289.0,"DirectOrIndirectOwnership":1,"TransactionDate":null,"TransactionCode":null,"TransactionQuantity":null,"TransactionPricePerSecurity":null,"AcquiredOrDisposed":null},{"SecurityTitle":"Common Stock","SecuritiesOwnedFollowingTransaction":2829.0,"DirectOrIndirectOwnership":1,"TransactionDate":null,"TransactionCode":null,"TransactionQuantity":null,"TransactionPricePerSecurity":null,"AcquiredOrDisposed":null},{"SecurityTitle":"Common Stock","SecuritiesOwnedFollowingTransaction":1829.0,"DirectOrIndirectOwnership":0,"TransactionDate":"2020-12-21T00:00:00","TransactionCode":7,"TransactionQuantity":1829.0,"TransactionPricePerSecurity":0.0,"AcquiredOrDisposed":0},{"SecurityTitle":"Common Stock","SecuritiesOwnedFollowingTransaction":0.0,"DirectOrIndirectOwnership":0,"TransactionDate":"2020-12-21T00:00:00","TransactionCode":5,"TransactionQuantity":1829.0,"TransactionPricePerSecurity":38.52,"AcquiredOrDisposed":1},{"SecurityTitle":"Common Stock","SecuritiesOwnedFollowingTransaction":2143.0,"DirectOrIndirectOwnership":0,"TransactionDate":"2020-12-21T00:00:00","TransactionCode":7,"TransactionQuantity":2143.0,"TransactionPricePerSecurity":0.0,"AcquiredOrDisposed":0},{"SecurityTitle":"Common Stock","SecuritiesOwnedFollowingTransaction":0.0,"DirectOrIndirectOwnership":0,"TransactionDate":"2020-12-21T00:00:00","TransactionCode":5,"TransactionQuantity":2143.0,"TransactionPricePerSecurity":38.52,"AcquiredOrDisposed":1},{"SecurityTitle":"Common Stock","SecuritiesOwnedFollowingTransaction":645.0,"DirectOrIndirectOwnership":0,"TransactionDate":"2020-12-21T00:00:00","TransactionCode":7,"TransactionQuantity":645.0,"TransactionPricePerSecurity":0.0,"AcquiredOrDisposed":0},{"SecurityTitle":"Common Stock","SecuritiesOwnedFollowingTransaction":0.0,"DirectOrIndirectOwnership":0,"TransactionDate":"2020-12-21T00:00:00","TransactionCode":5,"TransactionQuantity":645.0,"TransactionPricePerSecurity":38.52,"AcquiredOrDisposed":1},{"SecurityTitle":"Common Stock","SecuritiesOwnedFollowingTransaction":1639.0,"DirectOrIndirectOwnership":1,"TransactionDate":null,"TransactionCode":null,"TransactionQuantity":null,"TransactionPricePerSecurity":null,"AcquiredOrDisposed":null},{"SecurityTitle":"Common Stock","SecuritiesOwnedFollowingTransaction":18217.0,"DirectOrIndirectOwnership":0,"TransactionDate":"2020-12-21T00:00:00","TransactionCode":7,"TransactionQuantity":500.0,"TransactionPricePerSecurity":0.0,"AcquiredOrDisposed":0},{"SecurityTitle":"Common Stock","SecuritiesOwnedFollowingTransaction":17717.0,"DirectOrIndirectOwnership":0,"TransactionDate":"2020-12-21T00:00:00","TransactionCode":5,"TransactionQuantity":500.0,"TransactionPricePerSecurity":38.52,"AcquiredOrDisposed":1},{"SecurityTitle":"Common Stock","SecuritiesOwnedFollowingTransaction":18284.0,"DirectOrIndirectOwnership":0,"TransactionDate":"2020-12-21T00:00:00","TransactionCode":7,"TransactionQuantity":567.0,"TransactionPricePerSecurity":0.0,"AcquiredOrDisposed":0},{"SecurityTitle":"Common Stock","SecuritiesOwnedFollowingTransaction":17717.0,"DirectOrIndirectOwnership":0,"TransactionDate":"2020-12-21T00:00:00","TransactionCode":5,"TransactionQuantity":567.0,"TransactionPricePerSecurity":38.52,"AcquiredOrDisposed":1},{"SecurityTitle":"Common Stock","SecuritiesOwnedFollowingTransaction":18037.0,"DirectOrIndirectOwnership":0,"TransactionDate":"2020-12-21T00:00:00","TransactionCode":7,"TransactionQuantity":320.0,"TransactionPricePerSecurity":0.0,"AcquiredOrDisposed":0},{"SecurityTitle":"Common Stock","SecuritiesOwnedFollowingTransaction":17717.0,"DirectOrIndirectOwnership":0,"TransactionDate":"2020-12-21T00:00:00","TransactionCode":5,"TransactionQuantity":320.0,"TransactionPricePerSecurity":38.52,"AcquiredOrDisposed":1},{"SecurityTitle":"Common Stock","SecuritiesOwnedFollowingTransaction":2917.0,"DirectOrIndirectOwnership":0,"TransactionDate":"2020-12-21T00:00:00","TransactionCode":7,"TransactionQuantity":452.0,"TransactionPricePerSecurity":0.0,"AcquiredOrDisposed":0},{"SecurityTitle":"Common Stock","SecuritiesOwnedFollowingTransaction":2465.0,"DirectOrIndirectOwnership":0,"TransactionDate":"2020-12-21T00:00:00","TransactionCode":5,"TransactionQuantity":452.0,"TransactionPricePerSecurity":38.52,"AcquiredOrDisposed":1},{"SecurityTitle":"Common Stock","SecuritiesOwnedFollowingTransaction":3016.0,"DirectOrIndirectOwnership":0,"TransactionDate":"2020-12-21T00:00:00","TransactionCode":7,"TransactionQuantity":551.0,"TransactionPricePerSecurity":0.0,"AcquiredOrDisposed":0},{"SecurityTitle":"Common Stock","SecuritiesOwnedFollowingTransaction":2465.0,"DirectOrIndirectOwnership":0,"TransactionDate":"2020-12-21T00:00:00","TransactionCode":5,"TransactionQuantity":551.0,"TransactionPricePerSecurity":38.52,"AcquiredOrDisposed":1},{"SecurityTitle":"Common Stock","SecuritiesOwnedFollowingTransaction":2775.0,"DirectOrIndirectOwnership":0,"TransactionDate":"2020-12-21T00:00:00","TransactionCode":7,"TransactionQuantity":310.0,"TransactionPricePerSecurity":0.0,"AcquiredOrDisposed":0},{"SecurityTitle":"Common Stock","SecuritiesOwnedFollowingTransaction":2465.0,"DirectOrIndirectOwnership":0,"TransactionDate":"2020-12-21T00:00:00","TransactionCode":5,"TransactionQuantity":310.0,"TransactionPricePerSecurity":38.52,"AcquiredOrDisposed":1},{"SecurityTitle":"Common Stock","SecuritiesOwnedFollowingTransaction":136816.0,"DirectOrIndirectOwnership":0,"TransactionDate":"2020-10-12T00:00:00","TransactionCode":7,"TransactionQuantity":130851.0,"TransactionPricePerSecurity":0.0,"AcquiredOrDisposed":0},{"SecurityTitle":"Common Stock","SecuritiesOwnedFollowingTransaction":51918.0,"DirectOrIndirectOwnership":0,"TransactionDate":"2020-10-12T00:00:00","TransactionCode":5,"TransactionQuantity":84898.0,"TransactionPricePerSecurity":33.0,"AcquiredOrDisposed":1},{"SecurityTitle":"Common Stock","SecuritiesOwnedFollowingTransaction":70473.0,"DirectOrIndirectOwnership":1,"TransactionDate":null,"TransactionCode":null,"TransactionQuantity":null,"TransactionPricePerSecurity":null,"AcquiredOrDisposed":null},{"SecurityTitle":"Common Stock","SecuritiesOwnedFollowingTransaction":2839.9753,"DirectOrIndirectOwnership":1,"TransactionDate":null,"TransactionCode":null,"TransactionQuantity":null,"TransactionPricePerSecurity":null,"AcquiredOrDisposed":null},{"SecurityTitle":"Common Stock","SecuritiesOwnedFollowingTransaction":0.0,"DirectOrIndirectOwnership":1,"TransactionDate":"2020-05-27T00:00:00","TransactionCode":1,"TransactionQuantity":7.4647,"TransactionPricePerSecurity":19.99,"AcquiredOrDisposed":1},{"SecurityTitle":"Common Stock","SecuritiesOwnedFollowingTransaction":516.0,"DirectOrIndirectOwnership":0,"TransactionDate":null,"TransactionCode":null,"TransactionQuantity":null,"TransactionPricePerSecurity":null,"AcquiredOrDisposed":null},{"SecurityTitle":"Common Stock","SecuritiesOwnedFollowingTransaction":35417.0,"DirectOrIndirectOwnership":0,"TransactionDate":"2020-05-18T00:00:00","TransactionCode":0,"TransactionQuantity":35000.0,"TransactionPricePerSecurity":17.4376,"AcquiredOrDisposed":0},{"SecurityTitle":"Common Stock","SecuritiesOwnedFollowingTransaction":70473.0,"DirectOrIndirectOwnership":1,"TransactionDate":"2020-05-18T00:00:00","TransactionCode":3,"TransactionQuantity":57580.0,"TransactionPricePerSecurity":17.4499,"AcquiredOrDisposed":0},{"SecurityTitle":"Common Stock","SecuritiesOwnedFollowingTransaction":5965.0,"DirectOrIndirectOwnership":0,"TransactionDate":null,"TransactionCode":null,"TransactionQuantity":null,"TransactionPricePerSecurity":null,"AcquiredOrDisposed":null},{"SecurityTitle":"Common Stock","SecuritiesOwnedFollowingTransaction":2839.9753,"DirectOrIndirectOwnership":1,"TransactionDate":null,"TransactionCode":null,"TransactionQuantity":null,"TransactionPricePerSecurity":null,"AcquiredOrDisposed":null},{"SecurityTitle":"Common Stock, par value $0.01 per share","SecuritiesOwnedFollowingTransaction":0.0,"DirectOrIndirectOwnership":0,"TransactionDate":"2020-03-19T00:00:00","TransactionCode":17,"TransactionQuantity":866158900.0,"TransactionPricePerSecurity":0.0,"AcquiredOrDisposed":1}]