[{"SecurityTitle":"Common Stock","SecuritiesOwnedFollowingTransaction":2500.0,"DirectOrIndirectOwnership":1,"TransactionDate":null,"TransactionCode":null,"TransactionQuantity":null,"TransactionPricePerSecurity":null,"AcquiredOrDisposed":null},{"SecurityTitle":"Common Stock","SecuritiesOwnedFollowingTransaction":457.695,"DirectOrIndirectOwnership":0,"TransactionDate":null,"TransactionCode":null,"TransactionQuantity":null,"TransactionPricePerSecurity":null,"AcquiredOrDisposed":null},{"SecurityTitle":"Common Stock","SecuritiesOwnedFollowingTransaction":1271.0,"DirectOrIndirectOwnership":0,"TransactionDate":null,"TransactionCode":null,"TransactionQuantity":null,"TransactionPricePerSecurity":null,"AcquiredOrDisposed":null},{"SecurityTitle":"Common Stock","SecuritiesOwnedFollowingTransaction":29968.004,"DirectOrIndirectOwnership":0,"TransactionDate":null,"TransactionCode":null,"TransactionQuantity":null,"TransactionPricePerSecurity":null,"AcquiredOrDisposed":null},{"SecurityTitle":"Common Stock","SecuritiesOwnedFollowingTransaction":10379.686,"DirectOrIndirectOwnership":0,"TransactionDate":null,"TransactionCode":null,"TransactionQuantity":null,"TransactionPricePerSecurity":null,"AcquiredOrDisposed":null},{"SecurityTitle":"Common Stock","SecuritiesOwnedFollowingTransaction":24772.324,"DirectOrIndirectOwnership":0,"TransactionDate":null,"TransactionCode":null,"TransactionQuantity":null,"TransactionPricePerSecurity":null,"AcquiredOrDisposed":null},{"SecurityTitle":"Common Stock","SecuritiesOwnedFollowingTransaction":56783.66,"DirectOrIndirectOwnership":0,"TransactionDate":null,"TransactionCode":null,"TransactionQuantity":null,"TransactionPricePerSecurity":null,"AcquiredOrDisposed":null},{"SecurityTitle":"Common Stock","SecuritiesOwnedFollowingTransaction":3476.7214,"DirectOrIndirectOwnership":1,"TransactionDate":null,"TransactionCode":null,"TransactionQuantity":null,"TransactionPricePerSecurity":null,"AcquiredOrDisposed":null},{"SecurityTitle":"Common Stock","SecuritiesOwnedFollowingTransaction":47065.77,"DirectOrIndirectOwnership":0,"TransactionDate":null,"TransactionCode":null,"TransactionQuantity":null,"TransactionPricePerSecurity":null,"AcquiredOrDisposed":null},{"SecurityTitle":"Common Stock","SecuritiesOwnedFollowingTransaction":32.0,"DirectOrIndirectOwnership":1,"TransactionDate":null,"TransactionCode":null,"TransactionQuantity":null,"TransactionPricePerSecurity":null,"AcquiredOrDisposed":null},{"SecurityTitle":"Common Stock","SecuritiesOwnedFollowingTransaction":26342.324,"DirectOrIndirectOwnership":0,"TransactionDate":null,"TransactionCode":null,"TransactionQuantity":null,"TransactionPricePerSecurity":null,"AcquiredOrDisposed":null},{"SecurityTitle":"Common Stock","SecuritiesOwnedFollowingTransaction":5447.725,"DirectOrIndirectOwnership":0,"TransactionDate":null,"TransactionCode":null,"TransactionQuantity":null,"TransactionPricePerSecurity":null,"AcquiredOrDisposed":null},{"SecurityTitle":"Common Stock","SecuritiesOwnedFollowingTransaction":11871.289,"DirectOrIndirectOwnership":0,"TransactionDate":null,"TransactionCode":null,"TransactionQuantity":null,"TransactionPricePerSecurity":null,"AcquiredOrDisposed":null},{"SecurityTitle":"Common Stock","SecuritiesOwnedFollowingTransaction":854.0,"DirectOrIndirectOwnership":1,"TransactionDate":null,"TransactionCode":null,"TransactionQuantity":null,"TransactionPricePerSecurity":null,"AcquiredOrDisposed":null},{"SecurityTitle":"Common Stock","SecuritiesOwnedFollowingTransaction":44.0,"DirectOrIndirectOwnership":0,"TransactionDate":null,"TransactionCode":null,"TransactionQuantity":null,"TransactionPricePerSecurity":null,"AcquiredOrDisposed":null},{"SecurityTitle":"Common Stock","SecuritiesOwnedFollowingTransaction":35630.996,"DirectOrIndirectOwnership":0,"TransactionDate":null,"TransactionCode":null,"TransactionQuantity":null,"TransactionPricePerSecurity":null,"AcquiredOrDisposed":null},{"SecurityTitle":"Common Stock","SecuritiesOwnedFollowingTransaction":256.0,"DirectOrIndirectOwnership":1,"TransactionDate":null,"TransactionCode":null,"TransactionQuantity":null,"TransactionPricePerSecurity":null,"AcquiredOrDisposed":null},{"SecurityTitle":"Common Stock","SecuritiesOwnedFollowingTransaction":1664.0104,"DirectOrIndirectOwnership":0,"TransactionDate":null,"TransactionCode":null,"TransactionQuantity":null,"TransactionPricePerSecurity":null,"AcquiredOrDisposed":null},{"SecurityTitle":"Common Stock","SecuritiesOwnedFollowingTransaction":15588.609,"DirectOrIndirectOwnership":0,"TransactionDate":null,"TransactionCode":null,"TransactionQuantity":null,"TransactionPricePerSecurity":null,"AcquiredOrDisposed":null},{"SecurityTitle":"Common Stock","SecuritiesOwnedFollowingTransaction":48.0,"DirectOrIndirectOwnership":1,"TransactionDate":null,"TransactionCode":null,"TransactionQuantity":null,"TransactionPricePerSecurity":null,"AcquiredOrDisposed":null},{"SecurityTitle":"Common Stock","SecuritiesOwnedFollowingTransaction":246459.72,"DirectOrIndirectOwnership":0,"TransactionDate":null,"TransactionCode":null,"TransactionQuantity":null,"TransactionPricePerSecurity":null,"AcquiredOrDisposed":null},{"SecurityTitle":"Common Stock","SecuritiesOwnedFollowingTransaction":11900.0,"DirectOrIndirectOwnership":1,"TransactionDate":null,"TransactionCode":null,"TransactionQuantity":null,"TransactionPricePerSecurity":null,"AcquiredOrDisposed":null},{"SecurityTitle":"Common Stock","SecuritiesOwnedFollowingTransaction":7359.438,"DirectOrIndirectOwnership":0,"TransactionDate":null,"TransactionCode":null,"TransactionQuantity":null,"TransactionPricePerSecurity":null,"AcquiredOrDisposed":null},{"SecurityTitle":"Common Stock","SecuritiesOwnedFollowingTransaction":100.0,"DirectOrIndirectOwnership":0,"TransactionDate":null,"TransactionCode":null,"TransactionQuantity":null,"TransactionPricePerSecurity":null,"AcquiredOrDisposed":null},{"SecurityTitle":"Common Stock","SecuritiesOwnedFollowingTransaction":309577.06,"DirectOrIndirectOwnership":0,"TransactionDate":"2021-05-18T00:00:00","TransactionCode":7,"TransactionQuantity":27837.0,"TransactionPricePerSecurity":32.36,"AcquiredOrDisposed":0},{"SecurityTitle":"Common Stock","SecuritiesOwnedFollowingTransaction":289992.06,"DirectOrIndirectOwnership":0,"TransactionDate":"2021-05-18T00:00:00","TransactionCode":5,"TransactionQuantity":19585.0,"TransactionPricePerSecurity":45.995,"AcquiredOrDisposed":1},{"SecurityTitle":"Common Stock","SecuritiesOwnedFollowingTransaction":286200.06,"DirectOrIndirectOwnership":0,"TransactionDate":"2021-05-18T00:00:00","TransactionCode":5,"TransactionQuantity":3792.0,"TransactionPricePerSecurity":45.995,"AcquiredOrDisposed":1},{"SecurityTitle":"Common Stock","SecuritiesOwnedFollowingTransaction":368664.06,"DirectOrIndirectOwnership":0,"TransactionDate":"2021-05-18T00:00:00","TransactionCode":7,"TransactionQuantity":82464.0,"TransactionPricePerSecurity":26.76,"AcquiredOrDisposed":0},{"SecurityTitle":"Common Stock","SecuritiesOwnedFollowingTransaction":320685.06,"DirectOrIndirectOwnership":0,"TransactionDate":"2021-05-18T00:00:00","TransactionCode":5,"TransactionQuantity":47979.0,"TransactionPricePerSecurity":45.995,"AcquiredOrDisposed":1},{"SecurityTitle":"Common Stock","SecuritiesOwnedFollowingTransaction":304838.06,"DirectOrIndirectOwnership":0,"TransactionDate":"2021-05-18T00:00:00","TransactionCode":5,"TransactionQuantity":15847.0,"TransactionPricePerSecurity":45.995,"AcquiredOrDisposed":1},{"SecurityTitle":"Common Stock","SecuritiesOwnedFollowingTransaction":436781.06,"DirectOrIndirectOwnership":0,"TransactionDate":"2021-05-18T00:00:00","TransactionCode":7,"TransactionQuantity":131943.0,"TransactionPricePerSecurity":34.68,"AcquiredOrDisposed":0},{"SecurityTitle":"Common Stock","SecuritiesOwnedFollowingTransaction":337295.06,"DirectOrIndirectOwnership":0,"TransactionDate":"2021-05-18T00:00:00","TransactionCode":5,"TransactionQuantity":99486.0,"TransactionPricePerSecurity":45.995,"AcquiredOrDisposed":1},{"SecurityTitle":"Common Stock","SecuritiesOwnedFollowingTransaction":322380.06,"DirectOrIndirectOwnership":0,"TransactionDate":"2021-05-18T00:00:00","TransactionCode":5,"TransactionQuantity":14915.0,"TransactionPricePerSecurity":45.995,"AcquiredOrDisposed":1},{"SecurityTitle":"Common Stock","SecuritiesOwnedFollowingTransaction":3290.0,"DirectOrIndirectOwnership":1,"TransactionDate":"2021-05-13T00:00:00","TransactionCode":0,"TransactionQuantity":3290.0,"TransactionPricePerSecurity":45.5699,"AcquiredOrDisposed":0},{"SecurityTitle":"Common Stock","SecuritiesOwnedFollowingTransaction":30051.195,"DirectOrIndirectOwnership":0,"TransactionDate":null,"TransactionCode":null,"TransactionQuantity":null,"TransactionPricePerSecurity":null,"AcquiredOrDisposed":null},{"SecurityTitle":"Common Stock","SecuritiesOwnedFollowingTransaction":22730.328,"DirectOrIndirectOwnership":0,"TransactionDate":"2021-05-07T00:00:00","TransactionCode":3,"TransactionQuantity":3480.0,"TransactionPricePerSecurity":48.86,"AcquiredOrDisposed":0},{"SecurityTitle":"Common Stock","SecuritiesOwnedFollowingTransaction":1.0,"DirectOrIndirectOwnership":1,"TransactionDate":null,"TransactionCode":null,"TransactionQuantity":null,"TransactionPricePerSecurity":null,"AcquiredOrDisposed":null},{"SecurityTitle":"Common Stock","SecuritiesOwnedFollowingTransaction":30053.688,"DirectOrIndirectOwnership":0,"TransactionDate":"2021-05-07T00:00:00","TransactionCode":7,"TransactionQuantity":10807.0,"TransactionPricePerSecurity":32.36,"AcquiredOrDisposed":0},{"SecurityTitle":"Common Stock","SecuritiesOwnedFollowingTransaction":43113.688,"DirectOrIndirectOwnership":0,"TransactionDate":"2021-05-07T00:00:00","TransactionCode":7,"TransactionQuantity":13060.0,"TransactionPricePerSecurity":34.68,"AcquiredOrDisposed":0},{"SecurityTitle":"Common Stock","SecuritiesOwnedFollowingTransaction":49183.688,"DirectOrIndirectOwnership":0,"TransactionDate":"2021-05-07T00:00:00","TransactionCode":7,"TransactionQuantity":6070.0,"TransactionPricePerSecurity":31.22,"AcquiredOrDisposed":0},{"SecurityTitle":"Common Stock","SecuritiesOwnedFollowingTransaction":19246.688,"DirectOrIndirectOwnership":0,"TransactionDate":"2021-05-07T00:00:00","TransactionCode":1,"TransactionQuantity":29937.0,"TransactionPricePerSecurity":49.0359,"AcquiredOrDisposed":1},{"SecurityTitle":"Common Stock","SecuritiesOwnedFollowingTransaction":3770.0,"DirectOrIndirectOwnership":0,"TransactionDate":"2021-05-07T00:00:00","TransactionCode":3,"TransactionQuantity":3770.0,"TransactionPricePerSecurity":48.86,"AcquiredOrDisposed":0},{"SecurityTitle":"Common Stock","SecuritiesOwnedFollowingTransaction":2500.0,"DirectOrIndirectOwnership":1,"TransactionDate":null,"TransactionCode":null,"TransactionQuantity":null,"TransactionPricePerSecurity":null,"AcquiredOrDisposed":null},{"SecurityTitle":"Common Stock","SecuritiesOwnedFollowingTransaction":42282.39,"DirectOrIndirectOwnership":0,"TransactionDate":"2021-05-07T00:00:00","TransactionCode":3,"TransactionQuantity":5330.0,"TransactionPricePerSecurity":48.86,"AcquiredOrDisposed":0},{"SecurityTitle":"Common Stock","SecuritiesOwnedFollowingTransaction":11177.099,"DirectOrIndirectOwnership":0,"TransactionDate":"2021-05-07T00:00:00","TransactionCode":3,"TransactionQuantity":3480.0,"TransactionPricePerSecurity":48.86,"AcquiredOrDisposed":0},{"SecurityTitle":"Common Stock","SecuritiesOwnedFollowingTransaction":51414.688,"DirectOrIndirectOwnership":0,"TransactionDate":"2021-05-07T00:00:00","TransactionCode":3,"TransactionQuantity":3480.0,"TransactionPricePerSecurity":48.86,"AcquiredOrDisposed":0},{"SecurityTitle":"Common Stock","SecuritiesOwnedFollowingTransaction":17189.963,"DirectOrIndirectOwnership":0,"TransactionDate":"2021-05-07T00:00:00","TransactionCode":3,"TransactionQuantity":3480.0,"TransactionPricePerSecurity":48.86,"AcquiredOrDisposed":0},{"SecurityTitle":"Common Stock","SecuritiesOwnedFollowingTransaction":25981.037,"DirectOrIndirectOwnership":0,"TransactionDate":"2021-05-07T00:00:00","TransactionCode":3,"TransactionQuantity":3480.0,"TransactionPricePerSecurity":48.86,"AcquiredOrDisposed":0},{"SecurityTitle":"Common Stock","SecuritiesOwnedFollowingTransaction":3770.0,"DirectOrIndirectOwnership":0,"TransactionDate":"2021-05-07T00:00:00","TransactionCode":3,"TransactionQuantity":3770.0,"TransactionPricePerSecurity":48.86,"AcquiredOrDisposed":0},{"SecurityTitle":"Common Stock","SecuritiesOwnedFollowingTransaction":4227.695,"DirectOrIndirectOwnership":0,"TransactionDate":"2021-05-07T00:00:00","TransactionCode":3,"TransactionQuantity":3770.0,"TransactionPricePerSecurity":48.86,"AcquiredOrDisposed":0},{"SecurityTitle":"Common Stock","SecuritiesOwnedFollowingTransaction":59627.523,"DirectOrIndirectOwnership":0,"TransactionDate":"2021-05-10T00:00:00","TransactionCode":0,"TransactionQuantity":2600.0,"TransactionPricePerSecurity":49.6696,"AcquiredOrDisposed":0},{"SecurityTitle":"Common Stock","SecuritiesOwnedFollowingTransaction":5041.0,"DirectOrIndirectOwnership":0,"TransactionDate":"2021-05-07T00:00:00","TransactionCode":3,"TransactionQuantity":3770.0,"TransactionPricePerSecurity":48.86,"AcquiredOrDisposed":0},{"SecurityTitle":"Common Stock","SecuritiesOwnedFollowingTransaction":35538.96,"DirectOrIndirectOwnership":0,"TransactionDate":"2021-05-07T00:00:00","TransactionCode":3,"TransactionQuantity":3480.0,"TransactionPricePerSecurity":48.86,"AcquiredOrDisposed":0},{"SecurityTitle":"Common Stock","SecuritiesOwnedFollowingTransaction":24725.914,"DirectOrIndirectOwnership":0,"TransactionDate":"2021-05-07T00:00:00","TransactionCode":3,"TransactionQuantity":3480.0,"TransactionPricePerSecurity":48.86,"AcquiredOrDisposed":0},{"SecurityTitle":"Common Stock","SecuritiesOwnedFollowingTransaction":36952.39,"DirectOrIndirectOwnership":0,"TransactionDate":"2021-04-30T00:00:00","TransactionCode":3,"TransactionQuantity":249.9487,"TransactionPricePerSecurity":48.76,"AcquiredOrDisposed":0},{"SecurityTitle":"Common Stock","SecuritiesOwnedFollowingTransaction":54276.94,"DirectOrIndirectOwnership":0,"TransactionDate":"2021-04-30T00:00:00","TransactionCode":3,"TransactionQuantity":317.0014,"TransactionPricePerSecurity":48.76,"AcquiredOrDisposed":0},{"SecurityTitle":"Common Stock","SecuritiesOwnedFollowingTransaction":256.0,"DirectOrIndirectOwnership":1,"TransactionDate":null,"TransactionCode":null,"TransactionQuantity":null,"TransactionPricePerSecurity":null,"AcquiredOrDisposed":null},{"SecurityTitle":"Common Stock","SecuritiesOwnedFollowingTransaction":22501.037,"DirectOrIndirectOwnership":0,"TransactionDate":"2021-04-30T00:00:00","TransactionCode":3,"TransactionQuantity":589.6226,"TransactionPricePerSecurity":48.76,"AcquiredOrDisposed":0},{"SecurityTitle":"Common Stock","SecuritiesOwnedFollowingTransaction":53079.0,"DirectOrIndirectOwnership":0,"TransactionDate":"2021-04-12T00:00:00","TransactionCode":3,"TransactionQuantity":53079.0,"TransactionPricePerSecurity":47.1,"AcquiredOrDisposed":0},{"SecurityTitle":"Common Stock","SecuritiesOwnedFollowingTransaction":67872.42,"DirectOrIndirectOwnership":0,"TransactionDate":"2021-03-01T00:00:00","TransactionCode":7,"TransactionQuantity":12157.0,"TransactionPricePerSecurity":32.36,"AcquiredOrDisposed":0},{"SecurityTitle":"Common Stock","SecuritiesOwnedFollowingTransaction":59366.42,"DirectOrIndirectOwnership":0,"TransactionDate":"2021-03-01T00:00:00","TransactionCode":5,"TransactionQuantity":8506.0,"TransactionPricePerSecurity":46.25,"AcquiredOrDisposed":1},{"SecurityTitle":"Common Stock","SecuritiesOwnedFollowingTransaction":58236.42,"DirectOrIndirectOwnership":0,"TransactionDate":"2021-03-01T00:00:00","TransactionCode":5,"TransactionQuantity":1130.0,"TransactionPricePerSecurity":46.25,"AcquiredOrDisposed":1},{"SecurityTitle":"Common Stock","SecuritiesOwnedFollowingTransaction":19225.168,"DirectOrIndirectOwnership":0,"TransactionDate":"2021-02-26T00:00:00","TransactionCode":3,"TransactionQuantity":7752.0,"TransactionPricePerSecurity":45.15,"AcquiredOrDisposed":0},{"SecurityTitle":"Common Stock","SecuritiesOwnedFollowingTransaction":49338.793,"DirectOrIndirectOwnership":0,"TransactionDate":"2021-02-22T00:00:00","TransactionCode":7,"TransactionQuantity":13194.0,"TransactionPricePerSecurity":34.68,"AcquiredOrDisposed":0},{"SecurityTitle":"Common Stock","SecuritiesOwnedFollowingTransaction":39375.793,"DirectOrIndirectOwnership":0,"TransactionDate":"2021-02-22T00:00:00","TransactionCode":5,"TransactionQuantity":9963.0,"TransactionPricePerSecurity":45.935,"AcquiredOrDisposed":1},{"SecurityTitle":"Common Stock","SecuritiesOwnedFollowingTransaction":38374.793,"DirectOrIndirectOwnership":0,"TransactionDate":"2021-02-22T00:00:00","TransactionCode":5,"TransactionQuantity":1001.0,"TransactionPricePerSecurity":45.935,"AcquiredOrDisposed":1},{"SecurityTitle":"Common Stock","SecuritiesOwnedFollowingTransaction":46998.793,"DirectOrIndirectOwnership":0,"TransactionDate":"2021-02-22T00:00:00","TransactionCode":7,"TransactionQuantity":8624.0,"TransactionPricePerSecurity":41.94,"AcquiredOrDisposed":0},{"SecurityTitle":"Common Stock","SecuritiesOwnedFollowingTransaction":39123.793,"DirectOrIndirectOwnership":0,"TransactionDate":"2021-02-22T00:00:00","TransactionCode":5,"TransactionQuantity":7875.0,"TransactionPricePerSecurity":45.935,"AcquiredOrDisposed":1},{"SecurityTitle":"Common Stock","SecuritiesOwnedFollowingTransaction":38890.793,"DirectOrIndirectOwnership":0,"TransactionDate":"2021-02-22T00:00:00","TransactionCode":5,"TransactionQuantity":233.0,"TransactionPricePerSecurity":45.935,"AcquiredOrDisposed":1},{"SecurityTitle":"Common Stock","SecuritiesOwnedFollowingTransaction":58757.793,"DirectOrIndirectOwnership":0,"TransactionDate":"2021-02-22T00:00:00","TransactionCode":7,"TransactionQuantity":19867.0,"TransactionPricePerSecurity":31.22,"AcquiredOrDisposed":0},{"SecurityTitle":"Common Stock","SecuritiesOwnedFollowingTransaction":45254.793,"DirectOrIndirectOwnership":0,"TransactionDate":"2021-02-22T00:00:00","TransactionCode":5,"TransactionQuantity":13503.0,"TransactionPricePerSecurity":45.935,"AcquiredOrDisposed":1},{"SecurityTitle":"Common Stock","SecuritiesOwnedFollowingTransaction":43284.793,"DirectOrIndirectOwnership":0,"TransactionDate":"2021-02-22T00:00:00","TransactionCode":5,"TransactionQuantity":1970.0,"TransactionPricePerSecurity":45.935,"AcquiredOrDisposed":1},{"SecurityTitle":"Common Stock","SecuritiesOwnedFollowingTransaction":11523.168,"DirectOrIndirectOwnership":0,"TransactionDate":"2021-02-14T00:00:00","TransactionCode":5,"TransactionQuantity":1093.0,"TransactionPricePerSecurity":43.99,"AcquiredOrDisposed":1},{"SecurityTitle":"Common Stock","SecuritiesOwnedFollowingTransaction":11473.168,"DirectOrIndirectOwnership":0,"TransactionDate":"2021-02-15T00:00:00","TransactionCode":5,"TransactionQuantity":50.0,"TransactionPricePerSecurity":43.99,"AcquiredOrDisposed":1},{"SecurityTitle":"Common Stock","SecuritiesOwnedFollowingTransaction":66710.234,"DirectOrIndirectOwnership":0,"TransactionDate":"2021-02-14T00:00:00","TransactionCode":5,"TransactionQuantity":3519.0,"TransactionPricePerSecurity":43.99,"AcquiredOrDisposed":1},{"SecurityTitle":"Common Stock","SecuritiesOwnedFollowingTransaction":14250.458,"DirectOrIndirectOwnership":1,"TransactionDate":null,"TransactionCode":null,"TransactionQuantity":null,"TransactionPricePerSecurity":null,"AcquiredOrDisposed":null},{"SecurityTitle":"Common Stock","SecuritiesOwnedFollowingTransaction":57329.24,"DirectOrIndirectOwnership":0,"TransactionDate":"2021-02-14T00:00:00","TransactionCode":5,"TransactionQuantity":3306.0,"TransactionPricePerSecurity":43.99,"AcquiredOrDisposed":1},{"SecurityTitle":"Common Stock","SecuritiesOwnedFollowingTransaction":56996.24,"DirectOrIndirectOwnership":0,"TransactionDate":"2021-02-15T00:00:00","TransactionCode":5,"TransactionQuantity":333.0,"TransactionPricePerSecurity":43.99,"AcquiredOrDisposed":1},{"SecurityTitle":"Common Stock","SecuritiesOwnedFollowingTransaction":36144.793,"DirectOrIndirectOwnership":0,"TransactionDate":"2021-02-14T00:00:00","TransactionCode":5,"TransactionQuantity":2894.0,"TransactionPricePerSecurity":43.99,"AcquiredOrDisposed":1},{"SecurityTitle":"Common Stock","SecuritiesOwnedFollowingTransaction":55715.42,"DirectOrIndirectOwnership":0,"TransactionDate":"2021-02-14T00:00:00","TransactionCode":5,"TransactionQuantity":4628.0,"TransactionPricePerSecurity":43.99,"AcquiredOrDisposed":1},{"SecurityTitle":"Common Stock","SecuritiesOwnedFollowingTransaction":281568.0,"DirectOrIndirectOwnership":0,"TransactionDate":"2021-02-14T00:00:00","TransactionCode":5,"TransactionQuantity":23614.0,"TransactionPricePerSecurity":43.99,"AcquiredOrDisposed":1},{"SecurityTitle":"Common Stock","SecuritiesOwnedFollowingTransaction":21878.367,"DirectOrIndirectOwnership":0,"TransactionDate":"2021-02-14T00:00:00","TransactionCode":5,"TransactionQuantity":2205.0,"TransactionPricePerSecurity":43.99,"AcquiredOrDisposed":1},{"SecurityTitle":"Common Stock","SecuritiesOwnedFollowingTransaction":36630.01,"DirectOrIndirectOwnership":0,"TransactionDate":"2021-01-29T00:00:00","TransactionCode":3,"TransactionQuantity":305.7577,"TransactionPricePerSecurity":39.86,"AcquiredOrDisposed":0},{"SecurityTitle":"Common Stock","SecuritiesOwnedFollowingTransaction":53738.44,"DirectOrIndirectOwnership":0,"TransactionDate":"2021-01-29T00:00:00","TransactionCode":3,"TransactionQuantity":360.6372,"TransactionPricePerSecurity":39.86,"AcquiredOrDisposed":0},{"SecurityTitle":"Common Stock","SecuritiesOwnedFollowingTransaction":256.0,"DirectOrIndirectOwnership":1,"TransactionDate":null,"TransactionCode":null,"TransactionQuantity":null,"TransactionPricePerSecurity":null,"AcquiredOrDisposed":null},{"SecurityTitle":"Common Stock","SecuritiesOwnedFollowingTransaction":21850.709,"DirectOrIndirectOwnership":0,"TransactionDate":"2021-01-29T00:00:00","TransactionCode":3,"TransactionQuantity":721.2745,"TransactionPricePerSecurity":39.86,"AcquiredOrDisposed":0},{"SecurityTitle":"Common Stock","SecuritiesOwnedFollowingTransaction":26629.986,"DirectOrIndirectOwnership":0,"TransactionDate":"2020-05-13T00:00:00","TransactionCode":0,"TransactionQuantity":928.0,"TransactionPricePerSecurity":23.16,"AcquiredOrDisposed":0},{"SecurityTitle":"Common Stock","SecuritiesOwnedFollowingTransaction":854.0,"DirectOrIndirectOwnership":1,"TransactionDate":null,"TransactionCode":null,"TransactionQuantity":null,"TransactionPricePerSecurity":null,"AcquiredOrDisposed":null},{"SecurityTitle":"Common Stock","SecuritiesOwnedFollowingTransaction":21049.0,"DirectOrIndirectOwnership":0,"TransactionDate":"2020-12-04T00:00:00","TransactionCode":7,"TransactionQuantity":10821.0,"TransactionPricePerSecurity":26.76,"AcquiredOrDisposed":0},{"SecurityTitle":"Common Stock","SecuritiesOwnedFollowingTransaction":12704.0,"DirectOrIndirectOwnership":0,"TransactionDate":"2020-12-04T00:00:00","TransactionCode":1,"TransactionQuantity":8345.0,"TransactionPricePerSecurity":38.5,"AcquiredOrDisposed":1},{"SecurityTitle":"Common Stock","SecuritiesOwnedFollowingTransaction":12595.144,"DirectOrIndirectOwnership":0,"TransactionDate":"2020-12-04T00:00:00","TransactionCode":1,"TransactionQuantity":200.0,"TransactionPricePerSecurity":38.51,"AcquiredOrDisposed":1},{"SecurityTitle":"Common Stock","SecuritiesOwnedFollowingTransaction":35703.688,"DirectOrIndirectOwnership":0,"TransactionDate":"2020-11-09T00:00:00","TransactionCode":7,"TransactionQuantity":13115.0,"TransactionPricePerSecurity":26.76,"AcquiredOrDisposed":0},{"SecurityTitle":"Common Stock","SecuritiesOwnedFollowingTransaction":22588.688,"DirectOrIndirectOwnership":0,"TransactionDate":"2020-11-09T00:00:00","TransactionCode":1,"TransactionQuantity":13115.0,"TransactionPricePerSecurity":35.78,"AcquiredOrDisposed":1},{"SecurityTitle":"Common Stock","SecuritiesOwnedFollowingTransaction":29007.688,"DirectOrIndirectOwnership":0,"TransactionDate":"2020-11-17T00:00:00","TransactionCode":7,"TransactionQuantity":6419.0,"TransactionPricePerSecurity":32.36,"AcquiredOrDisposed":0},{"SecurityTitle":"Common Stock","SecuritiesOwnedFollowingTransaction":22588.688,"DirectOrIndirectOwnership":0,"TransactionDate":"2020-11-17T00:00:00","TransactionCode":1,"TransactionQuantity":6419.0,"TransactionPricePerSecurity":37.01,"AcquiredOrDisposed":1},{"SecurityTitle":"Common Stock","SecuritiesOwnedFollowingTransaction":42380.688,"DirectOrIndirectOwnership":0,"TransactionDate":"2020-11-17T00:00:00","TransactionCode":7,"TransactionQuantity":19792.0,"TransactionPricePerSecurity":34.68,"AcquiredOrDisposed":0},{"SecurityTitle":"Common Stock","SecuritiesOwnedFollowingTransaction":22588.688,"DirectOrIndirectOwnership":0,"TransactionDate":"2020-11-17T00:00:00","TransactionCode":1,"TransactionQuantity":19792.0,"TransactionPricePerSecurity":37.01,"AcquiredOrDisposed":1},{"SecurityTitle":"Common Stock","SecuritiesOwnedFollowingTransaction":77163.97,"DirectOrIndirectOwnership":0,"TransactionDate":"2020-11-09T00:00:00","TransactionCode":7,"TransactionQuantity":8615.0,"TransactionPricePerSecurity":27.17,"AcquiredOrDisposed":0},{"SecurityTitle":"Common Stock","SecuritiesOwnedFollowingTransaction":70558.97,"DirectOrIndirectOwnership":0,"TransactionDate":"2020-11-09T00:00:00","TransactionCode":5,"TransactionQuantity":6605.0,"TransactionPricePerSecurity":35.44,"AcquiredOrDisposed":1},{"SecurityTitle":"Common Stock","SecuritiesOwnedFollowingTransaction":70154.77,"DirectOrIndirectOwnership":0,"TransactionDate":"2020-11-09T00:00:00","TransactionCode":5,"TransactionQuantity":611.0,"TransactionPricePerSecurity":35.44,"AcquiredOrDisposed":1},{"SecurityTitle":"Common Stock","SecuritiesOwnedFollowingTransaction":14203.597,"DirectOrIndirectOwnership":1,"TransactionDate":null,"TransactionCode":null,"TransactionQuantity":null,"TransactionPricePerSecurity":null,"AcquiredOrDisposed":null},{"SecurityTitle":"Common Stock","SecuritiesOwnedFollowingTransaction":46705.242,"DirectOrIndirectOwnership":0,"TransactionDate":"2020-11-09T00:00:00","TransactionCode":7,"TransactionQuantity":10370.0,"TransactionPricePerSecurity":26.76,"AcquiredOrDisposed":0},{"SecurityTitle":"Common Stock","SecuritiesOwnedFollowingTransaction":38874.242,"DirectOrIndirectOwnership":0,"TransactionDate":"2020-11-09T00:00:00","TransactionCode":5,"TransactionQuantity":7831.0,"TransactionPricePerSecurity":35.44,"AcquiredOrDisposed":1},{"SecurityTitle":"Common Stock","SecuritiesOwnedFollowingTransaction":38087.242,"DirectOrIndirectOwnership":0,"TransactionDate":"2020-11-09T00:00:00","TransactionCode":5,"TransactionQuantity":787.0,"TransactionPricePerSecurity":35.44,"AcquiredOrDisposed":1},{"SecurityTitle":"Common Stock","SecuritiesOwnedFollowingTransaction":51645.242,"DirectOrIndirectOwnership":0,"TransactionDate":"2020-11-09T00:00:00","TransactionCode":7,"TransactionQuantity":13558.0,"TransactionPricePerSecurity":32.36,"AcquiredOrDisposed":0},{"SecurityTitle":"Common Stock","SecuritiesOwnedFollowingTransaction":39265.242,"DirectOrIndirectOwnership":0,"TransactionDate":"2020-11-09T00:00:00","TransactionCode":5,"TransactionQuantity":12380.0,"TransactionPricePerSecurity":35.44,"AcquiredOrDisposed":1},{"SecurityTitle":"Common Stock","SecuritiesOwnedFollowingTransaction":38979.227,"DirectOrIndirectOwnership":0,"TransactionDate":"2020-11-09T00:00:00","TransactionCode":5,"TransactionQuantity":365.0,"TransactionPricePerSecurity":35.44,"AcquiredOrDisposed":1},{"SecurityTitle":"Common Stock","SecuritiesOwnedFollowingTransaction":75351.766,"DirectOrIndirectOwnership":0,"TransactionDate":"2020-11-09T00:00:00","TransactionCode":7,"TransactionQuantity":18326.0,"TransactionPricePerSecurity":27.17,"AcquiredOrDisposed":0},{"SecurityTitle":"Common Stock","SecuritiesOwnedFollowingTransaction":61301.76,"DirectOrIndirectOwnership":0,"TransactionDate":"2020-11-09T00:00:00","TransactionCode":5,"TransactionQuantity":14050.0,"TransactionPricePerSecurity":35.44,"AcquiredOrDisposed":1},{"SecurityTitle":"Common Stock","SecuritiesOwnedFollowingTransaction":60246.62,"DirectOrIndirectOwnership":0,"TransactionDate":"2020-11-09T00:00:00","TransactionCode":5,"TransactionQuantity":1324.0,"TransactionPricePerSecurity":35.44,"AcquiredOrDisposed":1},{"SecurityTitle":"Common Stock","SecuritiesOwnedFollowingTransaction":36239.062,"DirectOrIndirectOwnership":0,"TransactionDate":"2020-10-30T00:00:00","TransactionCode":3,"TransactionQuantity":369.5421,"TransactionPricePerSecurity":32.98,"AcquiredOrDisposed":0},{"SecurityTitle":"Common Stock","SecuritiesOwnedFollowingTransaction":53115.395,"DirectOrIndirectOwnership":0,"TransactionDate":"2020-10-30T00:00:00","TransactionCode":3,"TransactionQuantity":435.8702,"TransactionPricePerSecurity":32.98,"AcquiredOrDisposed":0},{"SecurityTitle":"Common Stock","SecuritiesOwnedFollowingTransaction":256.0,"DirectOrIndirectOwnership":1,"TransactionDate":null,"TransactionCode":null,"TransactionQuantity":null,"TransactionPricePerSecurity":null,"AcquiredOrDisposed":null},{"SecurityTitle":"Common Stock","SecuritiesOwnedFollowingTransaction":21059.57,"DirectOrIndirectOwnership":0,"TransactionDate":"2020-10-30T00:00:00","TransactionCode":3,"TransactionQuantity":871.7404,"TransactionPricePerSecurity":32.98,"AcquiredOrDisposed":0},{"SecurityTitle":"Common Stock","SecuritiesOwnedFollowingTransaction":35758.195,"DirectOrIndirectOwnership":0,"TransactionDate":"2020-08-10T00:00:00","TransactionCode":0,"TransactionQuantity":5000.0,"TransactionPricePerSecurity":25.3,"AcquiredOrDisposed":0},{"SecurityTitle":"Common Stock","SecuritiesOwnedFollowingTransaction":60462.05,"DirectOrIndirectOwnership":0,"TransactionDate":"2020-08-10T00:00:00","TransactionCode":0,"TransactionQuantity":2010.0,"TransactionPricePerSecurity":25.2,"AcquiredOrDisposed":0},{"SecurityTitle":"Common Stock","SecuritiesOwnedFollowingTransaction":36335.242,"DirectOrIndirectOwnership":0,"TransactionDate":"2020-08-10T00:00:00","TransactionCode":0,"TransactionQuantity":2000.0,"TransactionPricePerSecurity":25.01,"AcquiredOrDisposed":0},{"SecurityTitle":"Common Stock","SecuritiesOwnedFollowingTransaction":30758.195,"DirectOrIndirectOwnership":0,"TransactionDate":"2020-07-31T00:00:00","TransactionCode":3,"TransactionQuantity":441.3221,"TransactionPricePerSecurity":28.56,"AcquiredOrDisposed":0},{"SecurityTitle":"Common Stock","SecuritiesOwnedFollowingTransaction":52333.51,"DirectOrIndirectOwnership":0,"TransactionDate":"2020-07-31T00:00:00","TransactionCode":3,"TransactionQuantity":503.3263,"TransactionPricePerSecurity":28.56,"AcquiredOrDisposed":0},{"SecurityTitle":"Common Stock","SecuritiesOwnedFollowingTransaction":256.0,"DirectOrIndirectOwnership":1,"TransactionDate":null,"TransactionCode":null,"TransactionQuantity":null,"TransactionPricePerSecurity":null,"AcquiredOrDisposed":null},{"SecurityTitle":"Common Stock","SecuritiesOwnedFollowingTransaction":20099.03,"DirectOrIndirectOwnership":0,"TransactionDate":"2020-07-31T00:00:00","TransactionCode":3,"TransactionQuantity":1006.6527,"TransactionPricePerSecurity":28.56,"AcquiredOrDisposed":0},{"SecurityTitle":"Common Stock","SecuritiesOwnedFollowingTransaction":304229.53,"DirectOrIndirectOwnership":0,"TransactionDate":"2020-07-29T00:00:00","TransactionCode":5,"TransactionQuantity":60897.0,"TransactionPricePerSecurity":28.48,"AcquiredOrDisposed":1},{"SecurityTitle":"Common Stock","SecuritiesOwnedFollowingTransaction":40891.777,"DirectOrIndirectOwnership":0,"TransactionDate":"2020-06-10T00:00:00","TransactionCode":7,"TransactionQuantity":6968.0,"TransactionPricePerSecurity":27.17,"AcquiredOrDisposed":0},{"SecurityTitle":"Common Stock","SecuritiesOwnedFollowingTransaction":34394.777,"DirectOrIndirectOwnership":0,"TransactionDate":"2020-06-10T00:00:00","TransactionCode":5,"TransactionQuantity":6497.0,"TransactionPricePerSecurity":29.14,"AcquiredOrDisposed":1},{"SecurityTitle":"Common Stock","SecuritiesOwnedFollowingTransaction":34248.777,"DirectOrIndirectOwnership":0,"TransactionDate":"2020-06-10T00:00:00","TransactionCode":5,"TransactionQuantity":146.0,"TransactionPricePerSecurity":29.14,"AcquiredOrDisposed":1},{"SecurityTitle":"Common Stock","SecuritiesOwnedFollowingTransaction":68548.97,"DirectOrIndirectOwnership":0,"TransactionDate":"2020-05-15T00:00:00","TransactionCode":0,"TransactionQuantity":6500.0,"TransactionPricePerSecurity":22.953,"AcquiredOrDisposed":0},{"SecurityTitle":"Common Stock","SecuritiesOwnedFollowingTransaction":14072.928,"DirectOrIndirectOwnership":1,"TransactionDate":null,"TransactionCode":null,"TransactionQuantity":null,"TransactionPricePerSecurity":null,"AcquiredOrDisposed":null},{"SecurityTitle":"Common Stock","SecuritiesOwnedFollowingTransaction":57818.97,"DirectOrIndirectOwnership":0,"TransactionDate":"2020-05-15T00:00:00","TransactionCode":0,"TransactionQuantity":6530.0,"TransactionPricePerSecurity":23.094,"AcquiredOrDisposed":0},{"SecurityTitle":"Common Stock","SecuritiesOwnedFollowingTransaction":732.0,"DirectOrIndirectOwnership":1,"TransactionDate":null,"TransactionCode":null,"TransactionQuantity":null,"TransactionPricePerSecurity":null,"AcquiredOrDisposed":null},{"SecurityTitle":"Common Stock","SecuritiesOwnedFollowingTransaction":33923.777,"DirectOrIndirectOwnership":0,"TransactionDate":"2020-05-15T00:00:00","TransactionCode":0,"TransactionQuantity":5000.0,"TransactionPricePerSecurity":23.0,"AcquiredOrDisposed":0},{"SecurityTitle":"Common Stock","SecuritiesOwnedFollowingTransaction":57025.76,"DirectOrIndirectOwnership":0,"TransactionDate":"2020-05-15T00:00:00","TransactionCode":0,"TransactionQuantity":3000.0,"TransactionPricePerSecurity":23.2,"AcquiredOrDisposed":0},{"SecurityTitle":"Common Stock","SecuritiesOwnedFollowingTransaction":51529.28,"DirectOrIndirectOwnership":0,"TransactionDate":"2020-04-30T00:00:00","TransactionCode":3,"TransactionQuantity":548.8736,"TransactionPricePerSecurity":26.19,"AcquiredOrDisposed":0},{"SecurityTitle":"Common Stock","SecuritiesOwnedFollowingTransaction":256.0,"DirectOrIndirectOwnership":1,"TransactionDate":null,"TransactionCode":null,"TransactionQuantity":null,"TransactionPricePerSecurity":null,"AcquiredOrDisposed":null},{"SecurityTitle":"Common Stock","SecuritiesOwnedFollowingTransaction":30197.125,"DirectOrIndirectOwnership":0,"TransactionDate":"2020-04-30T00:00:00","TransactionCode":3,"TransactionQuantity":513.0775,"TransactionPricePerSecurity":26.19,"AcquiredOrDisposed":0},{"SecurityTitle":"Common Stock","SecuritiesOwnedFollowingTransaction":19000.023,"DirectOrIndirectOwnership":0,"TransactionDate":"2020-04-30T00:00:00","TransactionCode":3,"TransactionQuantity":1097.7472,"TransactionPricePerSecurity":26.19,"AcquiredOrDisposed":0},{"SecurityTitle":"Common Stock","SecuritiesOwnedFollowingTransaction":31851.057,"DirectOrIndirectOwnership":0,"TransactionDate":"2020-04-28T00:00:00","TransactionCode":3,"TransactionQuantity":6500.0,"TransactionPricePerSecurity":26.19,"AcquiredOrDisposed":0},{"SecurityTitle":"Common Stock","SecuritiesOwnedFollowingTransaction":18957.076,"DirectOrIndirectOwnership":0,"TransactionDate":"2020-04-28T00:00:00","TransactionCode":3,"TransactionQuantity":6500.0,"TransactionPricePerSecurity":26.19,"AcquiredOrDisposed":0},{"SecurityTitle":"Common Stock","SecuritiesOwnedFollowingTransaction":25435.2,"DirectOrIndirectOwnership":0,"TransactionDate":"2020-04-28T00:00:00","TransactionCode":3,"TransactionQuantity":6500.0,"TransactionPricePerSecurity":26.19,"AcquiredOrDisposed":0},{"SecurityTitle":"Common Stock","SecuritiesOwnedFollowingTransaction":854.0,"DirectOrIndirectOwnership":1,"TransactionDate":null,"TransactionCode":null,"TransactionQuantity":null,"TransactionPricePerSecurity":null,"AcquiredOrDisposed":null},{"SecurityTitle":"Common Stock","SecuritiesOwnedFollowingTransaction":29684.047,"DirectOrIndirectOwnership":0,"TransactionDate":"2020-04-28T00:00:00","TransactionCode":3,"TransactionQuantity":9930.0,"TransactionPricePerSecurity":26.19,"AcquiredOrDisposed":0},{"SecurityTitle":"Common Stock","SecuritiesOwnedFollowingTransaction":7580.0,"DirectOrIndirectOwnership":0,"TransactionDate":"2020-04-28T00:00:00","TransactionCode":3,"TransactionQuantity":7580.0,"TransactionPricePerSecurity":26.19,"AcquiredOrDisposed":0},{"SecurityTitle":"Common Stock","SecuritiesOwnedFollowingTransaction":47737.91,"DirectOrIndirectOwnership":0,"TransactionDate":"2020-04-28T00:00:00","TransactionCode":3,"TransactionQuantity":6500.0,"TransactionPricePerSecurity":26.19,"AcquiredOrDisposed":0},{"SecurityTitle":"Common Stock","SecuritiesOwnedFollowingTransaction":13502.057,"DirectOrIndirectOwnership":0,"TransactionDate":"2020-04-28T00:00:00","TransactionCode":3,"TransactionQuantity":6500.0,"TransactionPricePerSecurity":26.19,"AcquiredOrDisposed":0},{"SecurityTitle":"Common Stock","SecuritiesOwnedFollowingTransaction":50980.406,"DirectOrIndirectOwnership":0,"TransactionDate":"2020-04-28T00:00:00","TransactionCode":3,"TransactionQuantity":6500.0,"TransactionPricePerSecurity":26.19,"AcquiredOrDisposed":0},{"SecurityTitle":"Common Stock","SecuritiesOwnedFollowingTransaction":256.0,"DirectOrIndirectOwnership":1,"TransactionDate":null,"TransactionCode":null,"TransactionQuantity":null,"TransactionPricePerSecurity":null,"AcquiredOrDisposed":null},{"SecurityTitle":"Common Stock","SecuritiesOwnedFollowingTransaction":17902.275,"DirectOrIndirectOwnership":0,"TransactionDate":"2020-04-28T00:00:00","TransactionCode":3,"TransactionQuantity":6500.0,"TransactionPricePerSecurity":26.19,"AcquiredOrDisposed":0},{"SecurityTitle":"Common Stock","SecuritiesOwnedFollowingTransaction":29272.67,"DirectOrIndirectOwnership":0,"TransactionDate":"2020-04-28T00:00:00","TransactionCode":3,"TransactionQuantity":6500.0,"TransactionPricePerSecurity":26.19,"AcquiredOrDisposed":0},{"SecurityTitle":"Common Stock","SecuritiesOwnedFollowingTransaction":48.0,"DirectOrIndirectOwnership":1,"TransactionDate":null,"TransactionCode":null,"TransactionQuantity":null,"TransactionPricePerSecurity":null,"AcquiredOrDisposed":null},{"SecurityTitle":"Common Stock","SecuritiesOwnedFollowingTransaction":20922.691,"DirectOrIndirectOwnership":0,"TransactionDate":"2020-04-28T00:00:00","TransactionCode":3,"TransactionQuantity":6500.0,"TransactionPricePerSecurity":26.19,"AcquiredOrDisposed":0},{"SecurityTitle":"Common Stock","SecuritiesOwnedFollowingTransaction":41205.406,"DirectOrIndirectOwnership":0,"TransactionDate":"2020-02-27T00:00:00","TransactionCode":0,"TransactionQuantity":35000.0,"TransactionPricePerSecurity":28.05,"AcquiredOrDisposed":0},{"SecurityTitle":"Common Stock","SecuritiesOwnedFollowingTransaction":51173.0,"DirectOrIndirectOwnership":0,"TransactionDate":"2020-02-25T00:00:00","TransactionCode":5,"TransactionQuantity":1927.0,"TransactionPricePerSecurity":29.525,"AcquiredOrDisposed":1},{"SecurityTitle":"Common Stock","SecuritiesOwnedFollowingTransaction":732.0,"DirectOrIndirectOwnership":1,"TransactionDate":null,"TransactionCode":null,"TransactionQuantity":null,"TransactionPricePerSecurity":null,"AcquiredOrDisposed":null},{"SecurityTitle":"Common Stock","SecuritiesOwnedFollowingTransaction":10277.787,"DirectOrIndirectOwnership":0,"TransactionDate":"2020-02-14T00:00:00","TransactionCode":5,"TransactionQuantity":1080.1052,"TransactionPricePerSecurity":30.755,"AcquiredOrDisposed":1},{"SecurityTitle":"Common Stock","SecuritiesOwnedFollowingTransaction":10228.0,"DirectOrIndirectOwnership":0,"TransactionDate":"2020-02-15T00:00:00","TransactionCode":5,"TransactionQuantity":49.7869,"TransactionPricePerSecurity":30.755,"AcquiredOrDisposed":1},{"SecurityTitle":"Common Stock","SecuritiesOwnedFollowingTransaction":22395.0,"DirectOrIndirectOwnership":0,"TransactionDate":"2020-02-14T00:00:00","TransactionCode":5,"TransactionQuantity":2019.5913,"TransactionPricePerSecurity":30.755,"AcquiredOrDisposed":1},{"SecurityTitle":"Common Stock","SecuritiesOwnedFollowingTransaction":61933.0,"DirectOrIndirectOwnership":0,"TransactionDate":"2020-02-14T00:00:00","TransactionCode":5,"TransactionQuantity":3491.305,"TransactionPricePerSecurity":30.755,"AcquiredOrDisposed":1},{"SecurityTitle":"Common Stock","SecuritiesOwnedFollowingTransaction":13994.177,"DirectOrIndirectOwnership":1,"TransactionDate":null,"TransactionCode":null,"TransactionQuantity":null,"TransactionPricePerSecurity":null,"AcquiredOrDisposed":null},{"SecurityTitle":"Common Stock","SecuritiesOwnedFollowingTransaction":53100.0,"DirectOrIndirectOwnership":0,"TransactionDate":"2020-02-14T00:00:00","TransactionCode":5,"TransactionQuantity":3219.305,"TransactionPricePerSecurity":30.755,"AcquiredOrDisposed":1},{"SecurityTitle":"Common Stock","SecuritiesOwnedFollowingTransaction":732.0,"DirectOrIndirectOwnership":1,"TransactionDate":null,"TransactionCode":null,"TransactionQuantity":null,"TransactionPricePerSecurity":null,"AcquiredOrDisposed":null},{"SecurityTitle":"Common Stock","SecuritiesOwnedFollowingTransaction":28831.0,"DirectOrIndirectOwnership":0,"TransactionDate":"2020-02-14T00:00:00","TransactionCode":5,"TransactionQuantity":2828.451,"TransactionPricePerSecurity":30.755,"AcquiredOrDisposed":1},{"SecurityTitle":"Common Stock","SecuritiesOwnedFollowingTransaction":53875.0,"DirectOrIndirectOwnership":0,"TransactionDate":"2020-02-14T00:00:00","TransactionCode":5,"TransactionQuantity":4577.103,"TransactionPricePerSecurity":30.755,"AcquiredOrDisposed":1},{"SecurityTitle":"Common Stock","SecuritiesOwnedFollowingTransaction":362567.4,"DirectOrIndirectOwnership":0,"TransactionDate":"2020-02-14T00:00:00","TransactionCode":5,"TransactionQuantity":21671.12,"TransactionPricePerSecurity":30.755,"AcquiredOrDisposed":1},{"SecurityTitle":"Common Stock","SecuritiesOwnedFollowingTransaction":23845.0,"DirectOrIndirectOwnership":0,"TransactionDate":"2020-02-14T00:00:00","TransactionCode":5,"TransactionQuantity":2129.5913,"TransactionPricePerSecurity":30.755,"AcquiredOrDisposed":1},{"SecurityTitle":"Common Stock","SecuritiesOwnedFollowingTransaction":123035.21,"DirectOrIndirectOwnership":0,"TransactionDate":"2020-02-14T00:00:00","TransactionCode":5,"TransactionQuantity":11602.438,"TransactionPricePerSecurity":30.755,"AcquiredOrDisposed":1},{"SecurityTitle":"Common Stock","SecuritiesOwnedFollowingTransaction":86223.0,"DirectOrIndirectOwnership":1,"TransactionDate":null,"TransactionCode":null,"TransactionQuantity":null,"TransactionPricePerSecurity":null,"AcquiredOrDisposed":null},{"SecurityTitle":"Common Stock","SecuritiesOwnedFollowingTransaction":56319.305,"DirectOrIndirectOwnership":0,"TransactionDate":"2020-02-10T00:00:00","TransactionCode":5,"TransactionQuantity":893.0,"TransactionPricePerSecurity":30.74,"AcquiredOrDisposed":1},{"SecurityTitle":"Common Stock","SecuritiesOwnedFollowingTransaction":65424.305,"DirectOrIndirectOwnership":0,"TransactionDate":"2020-02-03T00:00:00","TransactionCode":0,"TransactionQuantity":5000.0,"TransactionPricePerSecurity":29.77,"AcquiredOrDisposed":0},{"SecurityTitle":"Common Stock","SecuritiesOwnedFollowingTransaction":13994.177,"DirectOrIndirectOwnership":1,"TransactionDate":null,"TransactionCode":null,"TransactionQuantity":null,"TransactionPricePerSecurity":null,"AcquiredOrDisposed":null},{"SecurityTitle":"Common Stock","SecuritiesOwnedFollowingTransaction":57212.305,"DirectOrIndirectOwnership":0,"TransactionDate":"2020-02-03T00:00:00","TransactionCode":0,"TransactionQuantity":2850.0,"TransactionPricePerSecurity":29.9985,"AcquiredOrDisposed":0},{"SecurityTitle":"Common Stock","SecuritiesOwnedFollowingTransaction":732.0,"DirectOrIndirectOwnership":1,"TransactionDate":null,"TransactionCode":null,"TransactionQuantity":null,"TransactionPricePerSecurity":null,"AcquiredOrDisposed":null},{"SecurityTitle":"Common Stock","SecuritiesOwnedFollowingTransaction":14347.543,"DirectOrIndirectOwnership":0,"TransactionDate":"2020-02-03T00:00:00","TransactionCode":1,"TransactionQuantity":90.0,"TransactionPricePerSecurity":29.11,"AcquiredOrDisposed":1},{"SecurityTitle":"Common Stock","SecuritiesOwnedFollowingTransaction":11357.893,"DirectOrIndirectOwnership":0,"TransactionDate":"2020-02-02T00:00:00","TransactionCode":5,"TransactionQuantity":369.0,"TransactionPricePerSecurity":28.805,"AcquiredOrDisposed":1},{"SecurityTitle":"Common Stock","SecuritiesOwnedFollowingTransaction":24414.592,"DirectOrIndirectOwnership":0,"TransactionDate":"2020-02-02T00:00:00","TransactionCode":5,"TransactionQuantity":549.0,"TransactionPricePerSecurity":28.805,"AcquiredOrDisposed":1},{"SecurityTitle":"Common Stock","SecuritiesOwnedFollowingTransaction":31659.451,"DirectOrIndirectOwnership":0,"TransactionDate":"2020-02-02T00:00:00","TransactionCode":5,"TransactionQuantity":373.0,"TransactionPricePerSecurity":28.805,"AcquiredOrDisposed":1},{"SecurityTitle":"Common Stock","SecuritiesOwnedFollowingTransaction":25974.592,"DirectOrIndirectOwnership":0,"TransactionDate":"2020-02-02T00:00:00","TransactionCode":5,"TransactionQuantity":559.0,"TransactionPricePerSecurity":28.805,"AcquiredOrDisposed":1},{"SecurityTitle":"Common Stock","SecuritiesOwnedFollowingTransaction":19679.979,"DirectOrIndirectOwnership":0,"TransactionDate":"2020-01-31T00:00:00","TransactionCode":3,"TransactionQuantity":464.6438,"TransactionPricePerSecurity":28.92,"AcquiredOrDisposed":0},{"SecurityTitle":"Common Stock","SecuritiesOwnedFollowingTransaction":44247.203,"DirectOrIndirectOwnership":0,"TransactionDate":"2020-01-31T00:00:00","TransactionCode":3,"TransactionQuantity":497.0609,"TransactionPricePerSecurity":28.92,"AcquiredOrDisposed":0},{"SecurityTitle":"Common Stock","SecuritiesOwnedFollowingTransaction":256.0,"DirectOrIndirectOwnership":1,"TransactionDate":null,"TransactionCode":null,"TransactionQuantity":null,"TransactionPricePerSecurity":null,"AcquiredOrDisposed":null},{"SecurityTitle":"Common Stock","SecuritiesOwnedFollowingTransaction":11342.773,"DirectOrIndirectOwnership":0,"TransactionDate":"2020-01-31T00:00:00","TransactionCode":3,"TransactionQuantity":994.1217,"TransactionPricePerSecurity":28.92,"AcquiredOrDisposed":0},{"SecurityTitle":"Common Stock","SecuritiesOwnedFollowingTransaction":134637.66,"DirectOrIndirectOwnership":0,"TransactionDate":"2020-01-31T00:00:00","TransactionCode":3,"TransactionQuantity":994.1217,"TransactionPricePerSecurity":28.92,"AcquiredOrDisposed":0},{"SecurityTitle":"Common Stock","SecuritiesOwnedFollowingTransaction":86223.0,"DirectOrIndirectOwnership":1,"TransactionDate":null,"TransactionCode":null,"TransactionQuantity":null,"TransactionPricePerSecurity":null,"AcquiredOrDisposed":null},{"SecurityTitle":"Common Stock","SecuritiesOwnedFollowingTransaction":60424.305,"DirectOrIndirectOwnership":0,"TransactionDate":"2019-12-31T00:00:00","TransactionCode":5,"TransactionQuantity":5854.0,"TransactionPricePerSecurity":29.2,"AcquiredOrDisposed":1},{"SecurityTitle":"Common Stock","SecuritiesOwnedFollowingTransaction":13994.177,"DirectOrIndirectOwnership":1,"TransactionDate":null,"TransactionCode":null,"TransactionQuantity":null,"TransactionPricePerSecurity":null,"AcquiredOrDisposed":null},{"SecurityTitle":"Common Stock","SecuritiesOwnedFollowingTransaction":58452.1,"DirectOrIndirectOwnership":0,"TransactionDate":"2019-12-31T00:00:00","TransactionCode":5,"TransactionQuantity":3390.0,"TransactionPricePerSecurity":29.2,"AcquiredOrDisposed":1},{"SecurityTitle":"Common Stock","SecuritiesOwnedFollowingTransaction":384238.25,"DirectOrIndirectOwnership":0,"TransactionDate":"2019-12-31T00:00:00","TransactionCode":5,"TransactionQuantity":22962.0,"TransactionPricePerSecurity":29.2,"AcquiredOrDisposed":1},{"SecurityTitle":"Common Stock","SecuritiesOwnedFollowingTransaction":133643.53,"DirectOrIndirectOwnership":0,"TransactionDate":"2019-12-31T00:00:00","TransactionCode":5,"TransactionQuantity":16886.0,"TransactionPricePerSecurity":29.2,"AcquiredOrDisposed":1},{"SecurityTitle":"Common Stock","SecuritiesOwnedFollowingTransaction":86223.0,"DirectOrIndirectOwnership":1,"TransactionDate":null,"TransactionCode":null,"TransactionQuantity":null,"TransactionPricePerSecurity":null,"AcquiredOrDisposed":null},{"SecurityTitle":"Common Stock","SecuritiesOwnedFollowingTransaction":416640.84,"DirectOrIndirectOwnership":0,"TransactionDate":"2019-11-19T00:00:00","TransactionCode":0,"TransactionQuantity":5000.0,"TransactionPricePerSecurity":25.5,"AcquiredOrDisposed":0},{"SecurityTitle":"Common Stock","SecuritiesOwnedFollowingTransaction":54207.832,"DirectOrIndirectOwnership":0,"TransactionDate":"2019-11-04T00:00:00","TransactionCode":0,"TransactionQuantity":7000.0,"TransactionPricePerSecurity":26.2076,"AcquiredOrDisposed":0},{"SecurityTitle":"Common Stock","SecuritiesOwnedFollowingTransaction":732.0,"DirectOrIndirectOwnership":1,"TransactionDate":null,"TransactionCode":null,"TransactionQuantity":null,"TransactionPricePerSecurity":null,"AcquiredOrDisposed":null},{"SecurityTitle":"Common Stock","SecuritiesOwnedFollowingTransaction":61716.81,"DirectOrIndirectOwnership":0,"TransactionDate":"2019-11-04T00:00:00","TransactionCode":0,"TransactionQuantity":1000.0,"TransactionPricePerSecurity":26.195,"AcquiredOrDisposed":0},{"SecurityTitle":"Common Stock","SecuritiesOwnedFollowingTransaction":66064.08,"DirectOrIndirectOwnership":0,"TransactionDate":"2019-11-04T00:00:00","TransactionCode":0,"TransactionQuantity":4150.0,"TransactionPricePerSecurity":26.1958,"AcquiredOrDisposed":0},{"SecurityTitle":"Common Stock","SecuritiesOwnedFollowingTransaction":13926.363,"DirectOrIndirectOwnership":1,"TransactionDate":null,"TransactionCode":null,"TransactionQuantity":null,"TransactionPricePerSecurity":null,"AcquiredOrDisposed":null},{"SecurityTitle":"Common Stock","SecuritiesOwnedFollowingTransaction":31904.602,"DirectOrIndirectOwnership":0,"TransactionDate":"2019-11-04T00:00:00","TransactionCode":0,"TransactionQuantity":2000.0,"TransactionPricePerSecurity":26.17,"AcquiredOrDisposed":0},{"SecurityTitle":"Common Stock","SecuritiesOwnedFollowingTransaction":60582.254,"DirectOrIndirectOwnership":0,"TransactionDate":"2019-11-04T00:00:00","TransactionCode":0,"TransactionQuantity":2800.0,"TransactionPricePerSecurity":26.18,"AcquiredOrDisposed":0},{"SecurityTitle":"Common Stock","SecuritiesOwnedFollowingTransaction":61607.254,"DirectOrIndirectOwnership":0,"TransactionDate":"2019-11-04T00:00:00","TransactionCode":0,"TransactionQuantity":1025.0,"TransactionPricePerSecurity":26.2,"AcquiredOrDisposed":0},{"SecurityTitle":"Common Stock","SecuritiesOwnedFollowingTransaction":43545.363,"DirectOrIndirectOwnership":0,"TransactionDate":"2019-10-31T00:00:00","TransactionCode":3,"TransactionQuantity":544.9204,"TransactionPricePerSecurity":26.38,"AcquiredOrDisposed":0},{"SecurityTitle":"Common Stock","SecuritiesOwnedFollowingTransaction":256.0,"DirectOrIndirectOwnership":1,"TransactionDate":null,"TransactionCode":null,"TransactionQuantity":null,"TransactionPricePerSecurity":null,"AcquiredOrDisposed":null},{"SecurityTitle":"Common Stock","SecuritiesOwnedFollowingTransaction":10300.436,"DirectOrIndirectOwnership":0,"TransactionDate":"2019-10-31T00:00:00","TransactionCode":3,"TransactionQuantity":1089.8408,"TransactionPricePerSecurity":26.38,"AcquiredOrDisposed":0},{"SecurityTitle":"Common Stock","SecuritiesOwnedFollowingTransaction":196295.34,"DirectOrIndirectOwnership":0,"TransactionDate":"2019-10-31T00:00:00","TransactionCode":3,"TransactionQuantity":1089.8408,"TransactionPricePerSecurity":26.38,"AcquiredOrDisposed":0},{"SecurityTitle":"Common Stock","SecuritiesOwnedFollowingTransaction":11900.0,"DirectOrIndirectOwnership":1,"TransactionDate":null,"TransactionCode":null,"TransactionQuantity":null,"TransactionPricePerSecurity":null,"AcquiredOrDisposed":null},{"SecurityTitle":"Common Stock","SecuritiesOwnedFollowingTransaction":27942.0,"DirectOrIndirectOwnership":1,"TransactionDate":null,"TransactionCode":null,"TransactionQuantity":null,"TransactionPricePerSecurity":null,"AcquiredOrDisposed":null},{"SecurityTitle":"Common Stock","SecuritiesOwnedFollowingTransaction":18903.719,"DirectOrIndirectOwnership":0,"TransactionDate":"2019-10-31T00:00:00","TransactionCode":3,"TransactionQuantity":509.3821,"TransactionPricePerSecurity":26.38,"AcquiredOrDisposed":0},{"SecurityTitle":"Common Stock","SecuritiesOwnedFollowingTransaction":13866.358,"DirectOrIndirectOwnership":1,"TransactionDate":"2019-06-14T00:00:00","TransactionCode":6,"TransactionQuantity":10389.637,"TransactionPricePerSecurity":24.78,"AcquiredOrDisposed":0},{"SecurityTitle":"Common Stock","SecuritiesOwnedFollowingTransaction":60716.81,"DirectOrIndirectOwnership":0,"TransactionDate":"2019-08-05T00:00:00","TransactionCode":0,"TransactionQuantity":6500.0,"TransactionPricePerSecurity":30.517,"AcquiredOrDisposed":0},{"SecurityTitle":"Common Stock","SecuritiesOwnedFollowingTransaction":410109.75,"DirectOrIndirectOwnership":0,"TransactionDate":"2019-08-31T00:00:00","TransactionCode":5,"TransactionQuantity":11105.0,"TransactionPricePerSecurity":29.645,"AcquiredOrDisposed":1},{"SecurityTitle":"Common Stock","SecuritiesOwnedFollowingTransaction":194647.44,"DirectOrIndirectOwnership":0,"TransactionDate":"2019-08-31T00:00:00","TransactionCode":5,"TransactionQuantity":31380.0,"TransactionPricePerSecurity":29.645,"AcquiredOrDisposed":1},{"SecurityTitle":"Common Stock","SecuritiesOwnedFollowingTransaction":11900.0,"DirectOrIndirectOwnership":1,"TransactionDate":null,"TransactionCode":null,"TransactionQuantity":null,"TransactionPricePerSecurity":null,"AcquiredOrDisposed":null},{"SecurityTitle":"Common Stock","SecuritiesOwnedFollowingTransaction":27942.0,"DirectOrIndirectOwnership":1,"TransactionDate":null,"TransactionCode":null,"TransactionQuantity":null,"TransactionPricePerSecurity":null,"AcquiredOrDisposed":null},{"SecurityTitle":"Common Stock","SecuritiesOwnedFollowingTransaction":25253.0,"DirectOrIndirectOwnership":0,"TransactionDate":"2019-08-30T00:00:00","TransactionCode":0,"TransactionQuantity":18393.0,"TransactionPricePerSecurity":30.0,"AcquiredOrDisposed":0},{"SecurityTitle":"Common Stock","SecuritiesOwnedFollowingTransaction":18339.328,"DirectOrIndirectOwnership":0,"TransactionDate":"2019-07-31T00:00:00","TransactionCode":3,"TransactionQuantity":303.6722,"TransactionPricePerSecurity":29.5,"AcquiredOrDisposed":0},{"SecurityTitle":"Common Stock","SecuritiesOwnedFollowingTransaction":42815.855,"DirectOrIndirectOwnership":0,"TransactionDate":"2019-07-31T00:00:00","TransactionCode":3,"TransactionQuantity":324.8586,"TransactionPricePerSecurity":29.5,"AcquiredOrDisposed":0},{"SecurityTitle":"Common Stock","SecuritiesOwnedFollowingTransaction":256.0,"DirectOrIndirectOwnership":1,"TransactionDate":null,"TransactionCode":null,"TransactionQuantity":null,"TransactionPricePerSecurity":null,"AcquiredOrDisposed":null},{"SecurityTitle":"Common Stock","SecuritiesOwnedFollowingTransaction":9173.728,"DirectOrIndirectOwnership":0,"TransactionDate":"2019-07-31T00:00:00","TransactionCode":3,"TransactionQuantity":649.7176,"TransactionPricePerSecurity":29.5,"AcquiredOrDisposed":0},{"SecurityTitle":"Common Stock","SecuritiesOwnedFollowingTransaction":253969.44,"DirectOrIndirectOwnership":0,"TransactionDate":"2019-07-31T00:00:00","TransactionCode":3,"TransactionQuantity":649.7176,"TransactionPricePerSecurity":29.5,"AcquiredOrDisposed":0},{"SecurityTitle":"Common Stock","SecuritiesOwnedFollowingTransaction":11900.0,"DirectOrIndirectOwnership":1,"TransactionDate":null,"TransactionCode":null,"TransactionQuantity":null,"TransactionPricePerSecurity":null,"AcquiredOrDisposed":null},{"SecurityTitle":"Common Stock","SecuritiesOwnedFollowingTransaction":6150.0,"DirectOrIndirectOwnership":0,"TransactionDate":"2019-06-25T00:00:00","TransactionCode":3,"TransactionQuantity":6150.0,"TransactionPricePerSecurity":0.0,"AcquiredOrDisposed":0},{"SecurityTitle":"Common Stock","SecuritiesOwnedFollowingTransaction":12307.726,"DirectOrIndirectOwnership":0,"TransactionDate":"2019-06-03T00:00:00","TransactionCode":3,"TransactionQuantity":6860.0,"TransactionPricePerSecurity":0.0,"AcquiredOrDisposed":0},{"SecurityTitle":"Common Stock","SecuritiesOwnedFollowingTransaction":18731.29,"DirectOrIndirectOwnership":0,"TransactionDate":"2019-06-03T00:00:00","TransactionCode":3,"TransactionQuantity":6860.0,"TransactionPricePerSecurity":0.0,"AcquiredOrDisposed":0},{"SecurityTitle":"Common Stock","SecuritiesOwnedFollowingTransaction":854.0,"DirectOrIndirectOwnership":1,"TransactionDate":null,"TransactionCode":null,"TransactionQuantity":null,"TransactionPricePerSecurity":null,"AcquiredOrDisposed":null},{"SecurityTitle":"Common Stock","SecuritiesOwnedFollowingTransaction":16035.655,"DirectOrIndirectOwnership":0,"TransactionDate":"2019-06-03T00:00:00","TransactionCode":3,"TransactionQuantity":11690.0,"TransactionPricePerSecurity":0.0,"AcquiredOrDisposed":0},{"SecurityTitle":"Common Stock","SecuritiesOwnedFollowingTransaction":18035.656,"DirectOrIndirectOwnership":0,"TransactionDate":"2019-06-03T00:00:00","TransactionCode":0,"TransactionQuantity":2000.0,"TransactionPricePerSecurity":25.49,"AcquiredOrDisposed":0},{"SecurityTitle":"Common Stock","SecuritiesOwnedFollowingTransaction":6904.0,"DirectOrIndirectOwnership":0,"TransactionDate":"2019-06-03T00:00:00","TransactionCode":3,"TransactionQuantity":6860.0,"TransactionPricePerSecurity":0.0,"AcquiredOrDisposed":0},{"SecurityTitle":"Common Stock","SecuritiesOwnedFollowingTransaction":42490.996,"DirectOrIndirectOwnership":0,"TransactionDate":"2019-06-03T00:00:00","TransactionCode":3,"TransactionQuantity":6860.0,"TransactionPricePerSecurity":0.0,"AcquiredOrDisposed":0},{"SecurityTitle":"Common Stock","SecuritiesOwnedFollowingTransaction":256.0,"DirectOrIndirectOwnership":1,"TransactionDate":null,"TransactionCode":null,"TransactionQuantity":null,"TransactionPricePerSecurity":null,"AcquiredOrDisposed":null},{"SecurityTitle":"Common Stock","SecuritiesOwnedFollowingTransaction":8524.011,"DirectOrIndirectOwnership":0,"TransactionDate":"2019-06-03T00:00:00","TransactionCode":3,"TransactionQuantity":6860.0,"TransactionPricePerSecurity":0.0,"AcquiredOrDisposed":0},{"SecurityTitle":"Common Stock","SecuritiesOwnedFollowingTransaction":29786.564,"DirectOrIndirectOwnership":0,"TransactionDate":"2019-06-03T00:00:00","TransactionCode":0,"TransactionQuantity":500.0,"TransactionPricePerSecurity":24.84,"AcquiredOrDisposed":0},{"SecurityTitle":"Common Stock","SecuritiesOwnedFollowingTransaction":6860.0,"DirectOrIndirectOwnership":0,"TransactionDate":"2019-06-03T00:00:00","TransactionCode":3,"TransactionQuantity":6860.0,"TransactionPricePerSecurity":0.0,"AcquiredOrDisposed":0},{"SecurityTitle":"Common Stock","SecuritiesOwnedFollowingTransaction":22448.61,"DirectOrIndirectOwnership":0,"TransactionDate":"2019-06-03T00:00:00","TransactionCode":3,"TransactionQuantity":6860.0,"TransactionPricePerSecurity":0.0,"AcquiredOrDisposed":0},{"SecurityTitle":"Common Stock","SecuritiesOwnedFollowingTransaction":48.0,"DirectOrIndirectOwnership":1,"TransactionDate":null,"TransactionCode":null,"TransactionQuantity":null,"TransactionPricePerSecurity":null,"AcquiredOrDisposed":null},{"SecurityTitle":"Common Stock","SecuritiesOwnedFollowingTransaction":253319.72,"DirectOrIndirectOwnership":0,"TransactionDate":"2019-06-03T00:00:00","TransactionCode":3,"TransactionQuantity":6860.0,"TransactionPricePerSecurity":0.0,"AcquiredOrDisposed":0},{"SecurityTitle":"Common Stock","SecuritiesOwnedFollowingTransaction":11900.0,"DirectOrIndirectOwnership":1,"TransactionDate":null,"TransactionCode":null,"TransactionQuantity":null,"TransactionPricePerSecurity":null,"AcquiredOrDisposed":null},{"SecurityTitle":"Common Stock","SecuritiesOwnedFollowingTransaction":14219.438,"DirectOrIndirectOwnership":0,"TransactionDate":"2019-06-03T00:00:00","TransactionCode":3,"TransactionQuantity":6860.0,"TransactionPricePerSecurity":0.0,"AcquiredOrDisposed":0},{"SecurityTitle":"Common Stock","SecuritiesOwnedFollowingTransaction":0.0,"DirectOrIndirectOwnership":0,"TransactionDate":"2019-06-01T00:00:00","TransactionCode":17,"TransactionQuantity":100.0,"TransactionPricePerSecurity":0.0,"AcquiredOrDisposed":1}]