[{"SecurityTitle":"Common Stock","SecuritiesOwnedFollowingTransaction":4944.0,"DirectOrIndirectOwnership":0,"TransactionDate":null,"TransactionCode":null,"TransactionQuantity":null,"TransactionPricePerSecurity":null,"AcquiredOrDisposed":null},{"SecurityTitle":"Common Stock, par value $0.00001 per share","SecuritiesOwnedFollowingTransaction":11129867.0,"DirectOrIndirectOwnership":1,"TransactionDate":null,"TransactionCode":null,"TransactionQuantity":null,"TransactionPricePerSecurity":null,"AcquiredOrDisposed":null},{"SecurityTitle":"Common Stock, par value $0.00001 per share","SecuritiesOwnedFollowingTransaction":182351.0,"DirectOrIndirectOwnership":1,"TransactionDate":null,"TransactionCode":null,"TransactionQuantity":null,"TransactionPricePerSecurity":null,"AcquiredOrDisposed":null},{"SecurityTitle":"Common Stock, par value $0.00001 per share","SecuritiesOwnedFollowingTransaction":5750285.0,"DirectOrIndirectOwnership":0,"TransactionDate":null,"TransactionCode":null,"TransactionQuantity":null,"TransactionPricePerSecurity":null,"AcquiredOrDisposed":null},{"SecurityTitle":"Common Stock, par value $0.00001 per share","SecuritiesOwnedFollowingTransaction":10892847.0,"DirectOrIndirectOwnership":0,"TransactionDate":null,"TransactionCode":null,"TransactionQuantity":null,"TransactionPricePerSecurity":null,"AcquiredOrDisposed":null},{"SecurityTitle":"Common Stock","SecuritiesOwnedFollowingTransaction":32863.0,"DirectOrIndirectOwnership":0,"TransactionDate":"2021-05-14T00:00:00","TransactionCode":7,"TransactionQuantity":400.0,"TransactionPricePerSecurity":15.61,"AcquiredOrDisposed":0},{"SecurityTitle":"Common Stock","SecuritiesOwnedFollowingTransaction":32463.0,"DirectOrIndirectOwnership":0,"TransactionDate":"2021-05-14T00:00:00","TransactionCode":1,"TransactionQuantity":400.0,"TransactionPricePerSecurity":100.01,"AcquiredOrDisposed":1},{"SecurityTitle":"Common Stock","SecuritiesOwnedFollowingTransaction":54583.0,"DirectOrIndirectOwnership":0,"TransactionDate":"2021-05-17T00:00:00","TransactionCode":7,"TransactionQuantity":22120.0,"TransactionPricePerSecurity":15.61,"AcquiredOrDisposed":0},{"SecurityTitle":"Common Stock","SecuritiesOwnedFollowingTransaction":32463.0,"DirectOrIndirectOwnership":0,"TransactionDate":"2021-05-17T00:00:00","TransactionCode":1,"TransactionQuantity":22120.0,"TransactionPricePerSecurity":100.33,"AcquiredOrDisposed":1},{"SecurityTitle":"Common Stock","SecuritiesOwnedFollowingTransaction":22463.0,"DirectOrIndirectOwnership":0,"TransactionDate":"2021-05-18T00:00:00","TransactionCode":1,"TransactionQuantity":10000.0,"TransactionPricePerSecurity":100.72,"AcquiredOrDisposed":1},{"SecurityTitle":"Common Stock","SecuritiesOwnedFollowingTransaction":27742.0,"DirectOrIndirectOwnership":0,"TransactionDate":"2021-05-11T00:00:00","TransactionCode":1,"TransactionQuantity":7500.0,"TransactionPricePerSecurity":100.58,"AcquiredOrDisposed":1},{"SecurityTitle":"Common Stock","SecuritiesOwnedFollowingTransaction":12801.0,"DirectOrIndirectOwnership":0,"TransactionDate":"2021-04-01T00:00:00","TransactionCode":3,"TransactionQuantity":365.0,"TransactionPricePerSecurity":88.94,"AcquiredOrDisposed":0},{"SecurityTitle":"Common Stock","SecuritiesOwnedFollowingTransaction":67936.0,"DirectOrIndirectOwnership":0,"TransactionDate":"2021-04-01T00:00:00","TransactionCode":1,"TransactionQuantity":3400.0,"TransactionPricePerSecurity":87.09,"AcquiredOrDisposed":1},{"SecurityTitle":"Common Stock","SecuritiesOwnedFollowingTransaction":58636.0,"DirectOrIndirectOwnership":0,"TransactionDate":"2021-04-01T00:00:00","TransactionCode":1,"TransactionQuantity":9300.0,"TransactionPricePerSecurity":88.04,"AcquiredOrDisposed":1},{"SecurityTitle":"Common Stock","SecuritiesOwnedFollowingTransaction":46336.0,"DirectOrIndirectOwnership":0,"TransactionDate":"2021-04-01T00:00:00","TransactionCode":1,"TransactionQuantity":12300.0,"TransactionPricePerSecurity":88.9,"AcquiredOrDisposed":1},{"SecurityTitle":"Common Stock","SecuritiesOwnedFollowingTransaction":200525.0,"DirectOrIndirectOwnership":0,"TransactionDate":"2021-04-01T00:00:00","TransactionCode":1,"TransactionQuantity":10100.0,"TransactionPricePerSecurity":87.1,"AcquiredOrDisposed":1},{"SecurityTitle":"Common Stock","SecuritiesOwnedFollowingTransaction":174524.0,"DirectOrIndirectOwnership":0,"TransactionDate":"2021-04-01T00:00:00","TransactionCode":1,"TransactionQuantity":26001.0,"TransactionPricePerSecurity":88.07,"AcquiredOrDisposed":1},{"SecurityTitle":"Common Stock","SecuritiesOwnedFollowingTransaction":141025.0,"DirectOrIndirectOwnership":0,"TransactionDate":"2021-04-01T00:00:00","TransactionCode":1,"TransactionQuantity":33499.0,"TransactionPricePerSecurity":88.88,"AcquiredOrDisposed":1},{"SecurityTitle":"Common Stock","SecuritiesOwnedFollowingTransaction":140625.0,"DirectOrIndirectOwnership":0,"TransactionDate":"2021-04-01T00:00:00","TransactionCode":1,"TransactionQuantity":400.0,"TransactionPricePerSecurity":89.51,"AcquiredOrDisposed":1},{"SecurityTitle":"Common Stock","SecuritiesOwnedFollowingTransaction":24795.0,"DirectOrIndirectOwnership":0,"TransactionDate":"2021-01-29T00:00:00","TransactionCode":7,"TransactionQuantity":2933.0,"TransactionPricePerSecurity":0.0,"AcquiredOrDisposed":0},{"SecurityTitle":"Common Stock","SecuritiesOwnedFollowingTransaction":93020.0,"DirectOrIndirectOwnership":0,"TransactionDate":"2021-01-29T00:00:00","TransactionCode":1,"TransactionQuantity":3316.0,"TransactionPricePerSecurity":69.4753,"AcquiredOrDisposed":1},{"SecurityTitle":"Common Stock","SecuritiesOwnedFollowingTransaction":83219.0,"DirectOrIndirectOwnership":0,"TransactionDate":"2021-01-29T00:00:00","TransactionCode":1,"TransactionQuantity":9801.0,"TransactionPricePerSecurity":70.4045,"AcquiredOrDisposed":1},{"SecurityTitle":"Common Stock","SecuritiesOwnedFollowingTransaction":73176.0,"DirectOrIndirectOwnership":0,"TransactionDate":"2021-01-29T00:00:00","TransactionCode":1,"TransactionQuantity":10043.0,"TransactionPricePerSecurity":71.2271,"AcquiredOrDisposed":1},{"SecurityTitle":"Common Stock","SecuritiesOwnedFollowingTransaction":71536.0,"DirectOrIndirectOwnership":0,"TransactionDate":"2021-01-29T00:00:00","TransactionCode":1,"TransactionQuantity":1640.0,"TransactionPricePerSecurity":72.1754,"AcquiredOrDisposed":1},{"SecurityTitle":"Common Stock","SecuritiesOwnedFollowingTransaction":71336.0,"DirectOrIndirectOwnership":0,"TransactionDate":"2021-01-29T00:00:00","TransactionCode":1,"TransactionQuantity":200.0,"TransactionPricePerSecurity":73.04,"AcquiredOrDisposed":1},{"SecurityTitle":"Common Stock","SecuritiesOwnedFollowingTransaction":2933.0,"DirectOrIndirectOwnership":0,"TransactionDate":"2021-01-29T00:00:00","TransactionCode":7,"TransactionQuantity":2933.0,"TransactionPricePerSecurity":0.0,"AcquiredOrDisposed":0},{"SecurityTitle":"Common Stock","SecuritiesOwnedFollowingTransaction":28262.0,"DirectOrIndirectOwnership":0,"TransactionDate":"2021-01-29T00:00:00","TransactionCode":7,"TransactionQuantity":5541.0,"TransactionPricePerSecurity":0.0,"AcquiredOrDisposed":0},{"SecurityTitle":"Common Stock","SecuritiesOwnedFollowingTransaction":271309.0,"DirectOrIndirectOwnership":0,"TransactionDate":"2021-01-29T00:00:00","TransactionCode":1,"TransactionQuantity":9316.0,"TransactionPricePerSecurity":69.4869,"AcquiredOrDisposed":1},{"SecurityTitle":"Common Stock","SecuritiesOwnedFollowingTransaction":244814.0,"DirectOrIndirectOwnership":0,"TransactionDate":"2021-01-29T00:00:00","TransactionCode":1,"TransactionQuantity":26495.0,"TransactionPricePerSecurity":70.3959,"AcquiredOrDisposed":1},{"SecurityTitle":"Common Stock","SecuritiesOwnedFollowingTransaction":215864.0,"DirectOrIndirectOwnership":0,"TransactionDate":"2021-01-29T00:00:00","TransactionCode":1,"TransactionQuantity":28950.0,"TransactionPricePerSecurity":71.2104,"AcquiredOrDisposed":1},{"SecurityTitle":"Common Stock","SecuritiesOwnedFollowingTransaction":211325.0,"DirectOrIndirectOwnership":0,"TransactionDate":"2021-01-29T00:00:00","TransactionCode":1,"TransactionQuantity":4539.0,"TransactionPricePerSecurity":72.1306,"AcquiredOrDisposed":1},{"SecurityTitle":"Common Stock","SecuritiesOwnedFollowingTransaction":210625.0,"DirectOrIndirectOwnership":0,"TransactionDate":"2021-01-29T00:00:00","TransactionCode":1,"TransactionQuantity":700.0,"TransactionPricePerSecurity":73.04,"AcquiredOrDisposed":1},{"SecurityTitle":"Common Stock","SecuritiesOwnedFollowingTransaction":7545.0,"DirectOrIndirectOwnership":0,"TransactionDate":"2021-01-29T00:00:00","TransactionCode":7,"TransactionQuantity":2933.0,"TransactionPricePerSecurity":0.0,"AcquiredOrDisposed":0},{"SecurityTitle":"Common Stock","SecuritiesOwnedFollowingTransaction":7400.0,"DirectOrIndirectOwnership":1,"TransactionDate":null,"TransactionCode":null,"TransactionQuantity":null,"TransactionPricePerSecurity":null,"AcquiredOrDisposed":null},{"SecurityTitle":"Common Stock","SecuritiesOwnedFollowingTransaction":4700.0,"DirectOrIndirectOwnership":1,"TransactionDate":null,"TransactionCode":null,"TransactionQuantity":null,"TransactionPricePerSecurity":null,"AcquiredOrDisposed":null},{"SecurityTitle":"Common Stock","SecuritiesOwnedFollowingTransaction":101631.0,"DirectOrIndirectOwnership":0,"TransactionDate":"2021-01-26T00:00:00","TransactionCode":7,"TransactionQuantity":13454.0,"TransactionPricePerSecurity":74.36,"AcquiredOrDisposed":0},{"SecurityTitle":"Common Stock","SecuritiesOwnedFollowingTransaction":96336.0,"DirectOrIndirectOwnership":0,"TransactionDate":"2021-01-26T00:00:00","TransactionCode":5,"TransactionQuantity":5295.0,"TransactionPricePerSecurity":74.36,"AcquiredOrDisposed":1},{"SecurityTitle":"Common Stock","SecuritiesOwnedFollowingTransaction":531402.0,"DirectOrIndirectOwnership":0,"TransactionDate":"2021-01-26T00:00:00","TransactionCode":7,"TransactionQuantity":38902.0,"TransactionPricePerSecurity":74.36,"AcquiredOrDisposed":0},{"SecurityTitle":"Common Stock","SecuritiesOwnedFollowingTransaction":516094.0,"DirectOrIndirectOwnership":0,"TransactionDate":"2021-01-26T00:00:00","TransactionCode":5,"TransactionQuantity":15308.0,"TransactionPricePerSecurity":74.36,"AcquiredOrDisposed":1},{"SecurityTitle":"Common Stock","SecuritiesOwnedFollowingTransaction":36207.0,"DirectOrIndirectOwnership":0,"TransactionDate":"2021-01-26T00:00:00","TransactionCode":7,"TransactionQuantity":3528.0,"TransactionPricePerSecurity":74.36,"AcquiredOrDisposed":0},{"SecurityTitle":"Common Stock","SecuritiesOwnedFollowingTransaction":35242.0,"DirectOrIndirectOwnership":0,"TransactionDate":"2021-01-26T00:00:00","TransactionCode":5,"TransactionQuantity":965.0,"TransactionPricePerSecurity":74.36,"AcquiredOrDisposed":1},{"SecurityTitle":"Common Stock","SecuritiesOwnedFollowingTransaction":34900.0,"DirectOrIndirectOwnership":0,"TransactionDate":"2021-01-26T00:00:00","TransactionCode":7,"TransactionQuantity":6704.0,"TransactionPricePerSecurity":74.36,"AcquiredOrDisposed":0},{"SecurityTitle":"Common Stock","SecuritiesOwnedFollowingTransaction":32463.0,"DirectOrIndirectOwnership":0,"TransactionDate":"2021-01-26T00:00:00","TransactionCode":5,"TransactionQuantity":2437.0,"TransactionPricePerSecurity":74.36,"AcquiredOrDisposed":1},{"SecurityTitle":"Common Stock","SecuritiesOwnedFollowingTransaction":289883.0,"DirectOrIndirectOwnership":0,"TransactionDate":"2021-01-26T00:00:00","TransactionCode":7,"TransactionQuantity":23525.0,"TransactionPricePerSecurity":74.36,"AcquiredOrDisposed":0},{"SecurityTitle":"Common Stock","SecuritiesOwnedFollowingTransaction":280625.0,"DirectOrIndirectOwnership":0,"TransactionDate":"2021-01-26T00:00:00","TransactionCode":5,"TransactionQuantity":9258.0,"TransactionPricePerSecurity":74.36,"AcquiredOrDisposed":1},{"SecurityTitle":"Common Stock","SecuritiesOwnedFollowingTransaction":28196.0,"DirectOrIndirectOwnership":0,"TransactionDate":"2021-01-19T00:00:00","TransactionCode":1,"TransactionQuantity":20000.0,"TransactionPricePerSecurity":81.265,"AcquiredOrDisposed":1},{"SecurityTitle":"Common Stock","SecuritiesOwnedFollowingTransaction":94099.0,"DirectOrIndirectOwnership":0,"TransactionDate":"2021-01-01T00:00:00","TransactionCode":7,"TransactionQuantity":14799.0,"TransactionPricePerSecurity":71.6,"AcquiredOrDisposed":0},{"SecurityTitle":"Common Stock","SecuritiesOwnedFollowingTransaction":88177.0,"DirectOrIndirectOwnership":0,"TransactionDate":"2021-01-01T00:00:00","TransactionCode":5,"TransactionQuantity":5922.0,"TransactionPricePerSecurity":71.6,"AcquiredOrDisposed":1},{"SecurityTitle":"Common Stock","SecuritiesOwnedFollowingTransaction":507343.0,"DirectOrIndirectOwnership":0,"TransactionDate":"2021-01-01T00:00:00","TransactionCode":7,"TransactionQuantity":42792.0,"TransactionPricePerSecurity":71.6,"AcquiredOrDisposed":0},{"SecurityTitle":"Common Stock","SecuritiesOwnedFollowingTransaction":492500.0,"DirectOrIndirectOwnership":0,"TransactionDate":"2021-01-01T00:00:00","TransactionCode":5,"TransactionQuantity":14843.0,"TransactionPricePerSecurity":71.6,"AcquiredOrDisposed":1},{"SecurityTitle":"Common Stock","SecuritiesOwnedFollowingTransaction":33839.0,"DirectOrIndirectOwnership":0,"TransactionDate":"2021-01-01T00:00:00","TransactionCode":7,"TransactionQuantity":3880.0,"TransactionPricePerSecurity":71.6,"AcquiredOrDisposed":0},{"SecurityTitle":"Common Stock","SecuritiesOwnedFollowingTransaction":32679.0,"DirectOrIndirectOwnership":0,"TransactionDate":"2021-01-01T00:00:00","TransactionCode":5,"TransactionQuantity":1160.0,"TransactionPricePerSecurity":71.6,"AcquiredOrDisposed":1},{"SecurityTitle":"Common Stock","SecuritiesOwnedFollowingTransaction":12435.0,"DirectOrIndirectOwnership":0,"TransactionDate":"2021-01-04T00:00:00","TransactionCode":3,"TransactionQuantity":453.0,"TransactionPricePerSecurity":71.6,"AcquiredOrDisposed":0},{"SecurityTitle":"Common Stock","SecuritiesOwnedFollowingTransaction":50975.0,"DirectOrIndirectOwnership":0,"TransactionDate":"2021-01-01T00:00:00","TransactionCode":7,"TransactionQuantity":7374.0,"TransactionPricePerSecurity":71.6,"AcquiredOrDisposed":0},{"SecurityTitle":"Common Stock","SecuritiesOwnedFollowingTransaction":48196.0,"DirectOrIndirectOwnership":0,"TransactionDate":"2021-01-01T00:00:00","TransactionCode":5,"TransactionQuantity":2779.0,"TransactionPricePerSecurity":71.6,"AcquiredOrDisposed":1},{"SecurityTitle":"Common Stock","SecuritiesOwnedFollowingTransaction":274545.0,"DirectOrIndirectOwnership":0,"TransactionDate":"2021-01-01T00:00:00","TransactionCode":7,"TransactionQuantity":25877.0,"TransactionPricePerSecurity":71.6,"AcquiredOrDisposed":0},{"SecurityTitle":"Common Stock","SecuritiesOwnedFollowingTransaction":266358.0,"DirectOrIndirectOwnership":0,"TransactionDate":"2021-01-01T00:00:00","TransactionCode":5,"TransactionQuantity":8187.0,"TransactionPricePerSecurity":71.6,"AcquiredOrDisposed":1},{"SecurityTitle":"Common Stock","SecuritiesOwnedFollowingTransaction":26223.0,"DirectOrIndirectOwnership":0,"TransactionDate":"2020-12-15T00:00:00","TransactionCode":1,"TransactionQuantity":7002.0,"TransactionPricePerSecurity":73.25,"AcquiredOrDisposed":1},{"SecurityTitle":"Common Stock","SecuritiesOwnedFollowingTransaction":24221.0,"DirectOrIndirectOwnership":0,"TransactionDate":"2020-12-15T00:00:00","TransactionCode":1,"TransactionQuantity":2002.0,"TransactionPricePerSecurity":74.2504,"AcquiredOrDisposed":1},{"SecurityTitle":"Common Stock","SecuritiesOwnedFollowingTransaction":22721.0,"DirectOrIndirectOwnership":0,"TransactionDate":"2020-12-17T00:00:00","TransactionCode":1,"TransactionQuantity":1500.0,"TransactionPricePerSecurity":77.25,"AcquiredOrDisposed":1},{"SecurityTitle":"Common Stock","SecuritiesOwnedFollowingTransaction":76269.0,"DirectOrIndirectOwnership":0,"TransactionDate":"2020-12-10T00:00:00","TransactionCode":1,"TransactionQuantity":17332.0,"TransactionPricePerSecurity":70.543,"AcquiredOrDisposed":1},{"SecurityTitle":"Common Stock","SecuritiesOwnedFollowingTransaction":63752.0,"DirectOrIndirectOwnership":0,"TransactionDate":"2020-12-10T00:00:00","TransactionCode":1,"TransactionQuantity":12517.0,"TransactionPricePerSecurity":71.3411,"AcquiredOrDisposed":1},{"SecurityTitle":"Common Stock","SecuritiesOwnedFollowingTransaction":43601.0,"DirectOrIndirectOwnership":0,"TransactionDate":"2020-12-10T00:00:00","TransactionCode":1,"TransactionQuantity":20151.0,"TransactionPricePerSecurity":72.0158,"AcquiredOrDisposed":1},{"SecurityTitle":"Common Stock","SecuritiesOwnedFollowingTransaction":30327.0,"DirectOrIndirectOwnership":0,"TransactionDate":"2020-11-15T00:00:00","TransactionCode":7,"TransactionQuantity":935.0,"TransactionPricePerSecurity":63.19,"AcquiredOrDisposed":0},{"SecurityTitle":"Common Stock","SecuritiesOwnedFollowingTransaction":29959.0,"DirectOrIndirectOwnership":0,"TransactionDate":"2020-11-15T00:00:00","TransactionCode":5,"TransactionQuantity":368.0,"TransactionPricePerSecurity":63.19,"AcquiredOrDisposed":1},{"SecurityTitle":"Common Stock","SecuritiesOwnedFollowingTransaction":11982.0,"DirectOrIndirectOwnership":0,"TransactionDate":"2020-11-10T00:00:00","TransactionCode":3,"TransactionQuantity":82.0,"TransactionPricePerSecurity":60.28,"AcquiredOrDisposed":0},{"SecurityTitle":"Common Stock","SecuritiesOwnedFollowingTransaction":11899.0,"DirectOrIndirectOwnership":0,"TransactionDate":"2020-10-01T00:00:00","TransactionCode":3,"TransactionQuantity":569.0,"TransactionPricePerSecurity":57.1,"AcquiredOrDisposed":0},{"SecurityTitle":"Common Stock","SecuritiesOwnedFollowingTransaction":11329.0,"DirectOrIndirectOwnership":0,"TransactionDate":"2020-08-31T00:00:00","TransactionCode":3,"TransactionQuantity":2762.0,"TransactionPricePerSecurity":45.8,"AcquiredOrDisposed":0},{"SecurityTitle":"Common Stock","SecuritiesOwnedFollowingTransaction":33225.0,"DirectOrIndirectOwnership":0,"TransactionDate":"2020-08-20T00:00:00","TransactionCode":7,"TransactionQuantity":5500.0,"TransactionPricePerSecurity":null,"AcquiredOrDisposed":0},{"SecurityTitle":"Common Stock","SecuritiesOwnedFollowingTransaction":8567.0,"DirectOrIndirectOwnership":0,"TransactionDate":"2020-07-31T00:00:00","TransactionCode":3,"TransactionQuantity":403.0,"TransactionPricePerSecurity":31.05,"AcquiredOrDisposed":0},{"SecurityTitle":"Common Stock","SecuritiesOwnedFollowingTransaction":27725.0,"DirectOrIndirectOwnership":0,"TransactionDate":"2020-07-20T00:00:00","TransactionCode":3,"TransactionQuantity":27725.0,"TransactionPricePerSecurity":null,"AcquiredOrDisposed":0},{"SecurityTitle":"Common Stock","SecuritiesOwnedFollowingTransaction":8164.0,"DirectOrIndirectOwnership":0,"TransactionDate":"2020-07-20T00:00:00","TransactionCode":3,"TransactionQuantity":8164.0,"TransactionPricePerSecurity":null,"AcquiredOrDisposed":0},{"SecurityTitle":"Common Stock","SecuritiesOwnedFollowingTransaction":8100.0,"DirectOrIndirectOwnership":0,"TransactionDate":"2020-07-20T00:00:00","TransactionCode":3,"TransactionQuantity":8100.0,"TransactionPricePerSecurity":null,"AcquiredOrDisposed":0},{"SecurityTitle":"Common Stock","SecuritiesOwnedFollowingTransaction":91256.0,"DirectOrIndirectOwnership":0,"TransactionDate":"2020-07-20T00:00:00","TransactionCode":7,"TransactionQuantity":9256.0,"TransactionPricePerSecurity":null,"AcquiredOrDisposed":0},{"SecurityTitle":"Common Stock","SecuritiesOwnedFollowingTransaction":109236.0,"DirectOrIndirectOwnership":0,"TransactionDate":"2020-07-20T00:00:00","TransactionCode":7,"TransactionQuantity":17980.0,"TransactionPricePerSecurity":null,"AcquiredOrDisposed":0},{"SecurityTitle":"Common Stock","SecuritiesOwnedFollowingTransaction":116220.0,"DirectOrIndirectOwnership":0,"TransactionDate":"2020-07-20T00:00:00","TransactionCode":7,"TransactionQuantity":6984.0,"TransactionPricePerSecurity":null,"AcquiredOrDisposed":0},{"SecurityTitle":"Common Stock","SecuritiesOwnedFollowingTransaction":120832.0,"DirectOrIndirectOwnership":0,"TransactionDate":"2020-07-20T00:00:00","TransactionCode":7,"TransactionQuantity":4612.0,"TransactionPricePerSecurity":null,"AcquiredOrDisposed":0},{"SecurityTitle":"Common Stock","SecuritiesOwnedFollowingTransaction":125137.0,"DirectOrIndirectOwnership":0,"TransactionDate":"2020-07-20T00:00:00","TransactionCode":7,"TransactionQuantity":4305.0,"TransactionPricePerSecurity":null,"AcquiredOrDisposed":0},{"SecurityTitle":"Common Stock","SecuritiesOwnedFollowingTransaction":128082.0,"DirectOrIndirectOwnership":0,"TransactionDate":"2020-07-20T00:00:00","TransactionCode":7,"TransactionQuantity":2945.0,"TransactionPricePerSecurity":null,"AcquiredOrDisposed":0},{"SecurityTitle":"Common Stock","SecuritiesOwnedFollowingTransaction":8140.0,"DirectOrIndirectOwnership":0,"TransactionDate":"2020-07-20T00:00:00","TransactionCode":7,"TransactionQuantity":4612.0,"TransactionPricePerSecurity":null,"AcquiredOrDisposed":0},{"SecurityTitle":"Common Stock","SecuritiesOwnedFollowingTransaction":12445.0,"DirectOrIndirectOwnership":0,"TransactionDate":"2020-07-20T00:00:00","TransactionCode":7,"TransactionQuantity":4305.0,"TransactionPricePerSecurity":null,"AcquiredOrDisposed":0},{"SecurityTitle":"Common Stock","SecuritiesOwnedFollowingTransaction":15390.0,"DirectOrIndirectOwnership":0,"TransactionDate":"2020-07-20T00:00:00","TransactionCode":7,"TransactionQuantity":2945.0,"TransactionPricePerSecurity":null,"AcquiredOrDisposed":0},{"SecurityTitle":"Common Stock","SecuritiesOwnedFollowingTransaction":48837.0,"DirectOrIndirectOwnership":0,"TransactionDate":"2020-05-04T00:00:00","TransactionCode":7,"TransactionQuantity":30400.0,"TransactionPricePerSecurity":18.93,"AcquiredOrDisposed":0},{"SecurityTitle":"Common Stock","SecuritiesOwnedFollowingTransaction":37284.0,"DirectOrIndirectOwnership":0,"TransactionDate":"2020-05-04T00:00:00","TransactionCode":5,"TransactionQuantity":11963.0,"TransactionPricePerSecurity":18.93,"AcquiredOrDisposed":1},{"SecurityTitle":"Common Stock","SecuritiesOwnedFollowingTransaction":95883.0,"DirectOrIndirectOwnership":0,"TransactionDate":"2020-05-04T00:00:00","TransactionCode":7,"TransactionQuantity":9368.0,"TransactionPricePerSecurity":18.93,"AcquiredOrDisposed":0},{"SecurityTitle":"Common Stock","SecuritiesOwnedFollowingTransaction":93601.0,"DirectOrIndirectOwnership":0,"TransactionDate":"2020-05-04T00:00:00","TransactionCode":5,"TransactionQuantity":2282.0,"TransactionPricePerSecurity":18.93,"AcquiredOrDisposed":1},{"SecurityTitle":"Common Stock","SecuritiesOwnedFollowingTransaction":10489777.0,"DirectOrIndirectOwnership":0,"TransactionDate":"2020-03-17T00:00:00","TransactionCode":1,"TransactionQuantity":640090.0,"TransactionPricePerSecurity":10.23,"AcquiredOrDisposed":1},{"SecurityTitle":"Common Stock","SecuritiesOwnedFollowingTransaction":9801346.0,"DirectOrIndirectOwnership":0,"TransactionDate":"2020-03-17T00:00:00","TransactionCode":1,"TransactionQuantity":688431.0,"TransactionPricePerSecurity":11.23,"AcquiredOrDisposed":1},{"SecurityTitle":"Common Stock","SecuritiesOwnedFollowingTransaction":9169301.0,"DirectOrIndirectOwnership":0,"TransactionDate":"2020-03-17T00:00:00","TransactionCode":1,"TransactionQuantity":632045.0,"TransactionPricePerSecurity":12.2,"AcquiredOrDisposed":1},{"SecurityTitle":"Common Stock","SecuritiesOwnedFollowingTransaction":8998689.0,"DirectOrIndirectOwnership":0,"TransactionDate":"2020-03-17T00:00:00","TransactionCode":1,"TransactionQuantity":170612.0,"TransactionPricePerSecurity":13.13,"AcquiredOrDisposed":1},{"SecurityTitle":"Common Stock","SecuritiesOwnedFollowingTransaction":8897702.0,"DirectOrIndirectOwnership":0,"TransactionDate":"2020-03-17T00:00:00","TransactionCode":1,"TransactionQuantity":100987.0,"TransactionPricePerSecurity":14.0,"AcquiredOrDisposed":1},{"SecurityTitle":"Common Stock","SecuritiesOwnedFollowingTransaction":8775867.0,"DirectOrIndirectOwnership":0,"TransactionDate":"2020-03-17T00:00:00","TransactionCode":1,"TransactionQuantity":121835.0,"TransactionPricePerSecurity":15.1,"AcquiredOrDisposed":1},{"SecurityTitle":"Common Stock","SecuritiesOwnedFollowingTransaction":8619060.0,"DirectOrIndirectOwnership":0,"TransactionDate":"2020-03-18T00:00:00","TransactionCode":1,"TransactionQuantity":156807.0,"TransactionPricePerSecurity":6.92,"AcquiredOrDisposed":1},{"SecurityTitle":"Common Stock","SecuritiesOwnedFollowingTransaction":8604325.0,"DirectOrIndirectOwnership":0,"TransactionDate":"2020-03-18T00:00:00","TransactionCode":1,"TransactionQuantity":14735.0,"TransactionPricePerSecurity":7.49,"AcquiredOrDisposed":1},{"SecurityTitle":"Common Stock","SecuritiesOwnedFollowingTransaction":262084.0,"DirectOrIndirectOwnership":0,"TransactionDate":"2020-01-27T00:00:00","TransactionCode":7,"TransactionQuantity":34094.0,"TransactionPricePerSecurity":57.95,"AcquiredOrDisposed":0},{"SecurityTitle":"Common Stock","SecuritiesOwnedFollowingTransaction":248668.0,"DirectOrIndirectOwnership":0,"TransactionDate":"2020-01-27T00:00:00","TransactionCode":5,"TransactionQuantity":13416.0,"TransactionPricePerSecurity":57.95,"AcquiredOrDisposed":1},{"SecurityTitle":"Common Stock","SecuritiesOwnedFollowingTransaction":31083.0,"DirectOrIndirectOwnership":0,"TransactionDate":"2020-01-27T00:00:00","TransactionCode":7,"TransactionQuantity":6942.0,"TransactionPricePerSecurity":57.95,"AcquiredOrDisposed":0},{"SecurityTitle":"Common Stock","SecuritiesOwnedFollowingTransaction":29392.0,"DirectOrIndirectOwnership":0,"TransactionDate":"2020-01-27T00:00:00","TransactionCode":5,"TransactionQuantity":1691.0,"TransactionPricePerSecurity":57.95,"AcquiredOrDisposed":1},{"SecurityTitle":"Common Stock","SecuritiesOwnedFollowingTransaction":487620.0,"DirectOrIndirectOwnership":0,"TransactionDate":"2020-01-27T00:00:00","TransactionCode":7,"TransactionQuantity":58623.0,"TransactionPricePerSecurity":57.95,"AcquiredOrDisposed":0},{"SecurityTitle":"Common Stock","SecuritiesOwnedFollowingTransaction":464551.0,"DirectOrIndirectOwnership":0,"TransactionDate":"2020-01-27T00:00:00","TransactionCode":5,"TransactionQuantity":23069.0,"TransactionPricePerSecurity":57.95,"AcquiredOrDisposed":1},{"SecurityTitle":"Common Stock","SecuritiesOwnedFollowingTransaction":86282.0,"DirectOrIndirectOwnership":0,"TransactionDate":"2020-01-27T00:00:00","TransactionCode":7,"TransactionQuantity":17741.0,"TransactionPricePerSecurity":57.95,"AcquiredOrDisposed":0},{"SecurityTitle":"Common Stock","SecuritiesOwnedFollowingTransaction":79300.0,"DirectOrIndirectOwnership":0,"TransactionDate":"2020-01-27T00:00:00","TransactionCode":5,"TransactionQuantity":6982.0,"TransactionPricePerSecurity":57.95,"AcquiredOrDisposed":1},{"SecurityTitle":"Common Stock","SecuritiesOwnedFollowingTransaction":112945.0,"DirectOrIndirectOwnership":1,"TransactionDate":"2020-01-24T00:00:00","TransactionCode":7,"TransactionQuantity":2945.0,"TransactionPricePerSecurity":null,"AcquiredOrDisposed":0},{"SecurityTitle":"Common Stock","SecuritiesOwnedFollowingTransaction":21862.0,"DirectOrIndirectOwnership":0,"TransactionDate":"2020-01-24T00:00:00","TransactionCode":7,"TransactionQuantity":2945.0,"TransactionPricePerSecurity":null,"AcquiredOrDisposed":0},{"SecurityTitle":"Common Stock","SecuritiesOwnedFollowingTransaction":242588.0,"DirectOrIndirectOwnership":0,"TransactionDate":"2020-01-02T00:00:00","TransactionCode":7,"TransactionQuantity":43214.0,"TransactionPricePerSecurity":59.51,"AcquiredOrDisposed":0},{"SecurityTitle":"Common Stock","SecuritiesOwnedFollowingTransaction":227990.0,"DirectOrIndirectOwnership":0,"TransactionDate":"2020-01-02T00:00:00","TransactionCode":5,"TransactionQuantity":14598.0,"TransactionPricePerSecurity":59.51,"AcquiredOrDisposed":1},{"SecurityTitle":"Common Stock","SecuritiesOwnedFollowingTransaction":26397.0,"DirectOrIndirectOwnership":0,"TransactionDate":"2020-01-02T00:00:00","TransactionCode":7,"TransactionQuantity":8798.0,"TransactionPricePerSecurity":59.51,"AcquiredOrDisposed":0},{"SecurityTitle":"Common Stock","SecuritiesOwnedFollowingTransaction":24141.0,"DirectOrIndirectOwnership":0,"TransactionDate":"2020-01-02T00:00:00","TransactionCode":5,"TransactionQuantity":2256.0,"TransactionPricePerSecurity":59.51,"AcquiredOrDisposed":1},{"SecurityTitle":"Common Stock","SecuritiesOwnedFollowingTransaction":455829.0,"DirectOrIndirectOwnership":0,"TransactionDate":"2020-01-02T00:00:00","TransactionCode":7,"TransactionQuantity":74304.0,"TransactionPricePerSecurity":59.51,"AcquiredOrDisposed":0},{"SecurityTitle":"Common Stock","SecuritiesOwnedFollowingTransaction":428997.0,"DirectOrIndirectOwnership":0,"TransactionDate":"2020-01-02T00:00:00","TransactionCode":5,"TransactionQuantity":26832.0,"TransactionPricePerSecurity":59.51,"AcquiredOrDisposed":1},{"SecurityTitle":"Common Stock","SecuritiesOwnedFollowingTransaction":74982.0,"DirectOrIndirectOwnership":0,"TransactionDate":"2020-01-02T00:00:00","TransactionCode":7,"TransactionQuantity":22486.0,"TransactionPricePerSecurity":59.51,"AcquiredOrDisposed":0},{"SecurityTitle":"Common Stock","SecuritiesOwnedFollowingTransaction":68541.0,"DirectOrIndirectOwnership":0,"TransactionDate":"2020-01-02T00:00:00","TransactionCode":5,"TransactionQuantity":6441.0,"TransactionPricePerSecurity":59.51,"AcquiredOrDisposed":1},{"SecurityTitle":"Common Stock","SecuritiesOwnedFollowingTransaction":110000.0,"DirectOrIndirectOwnership":1,"TransactionDate":"2019-11-19T00:00:00","TransactionCode":1,"TransactionQuantity":24305.0,"TransactionPricePerSecurity":53.64,"AcquiredOrDisposed":1},{"SecurityTitle":"Common Stock","SecuritiesOwnedFollowingTransaction":18445.0,"DirectOrIndirectOwnership":0,"TransactionDate":"2019-08-09T00:00:00","TransactionCode":0,"TransactionQuantity":6000.0,"TransactionPricePerSecurity":40.42,"AcquiredOrDisposed":0},{"SecurityTitle":"Common Stock","SecuritiesOwnedFollowingTransaction":12445.0,"DirectOrIndirectOwnership":0,"TransactionDate":"2019-11-19T00:00:00","TransactionCode":1,"TransactionQuantity":6000.0,"TransactionPricePerSecurity":53.89,"AcquiredOrDisposed":1},{"SecurityTitle":"Common Stock","SecuritiesOwnedFollowingTransaction":17599.0,"DirectOrIndirectOwnership":0,"TransactionDate":"2019-11-12T00:00:00","TransactionCode":1,"TransactionQuantity":5000.0,"TransactionPricePerSecurity":51.32,"AcquiredOrDisposed":1},{"SecurityTitle":"Common Stock","SecuritiesOwnedFollowingTransaction":30400.0,"DirectOrIndirectOwnership":0,"TransactionDate":"2019-11-02T00:00:00","TransactionCode":7,"TransactionQuantity":30400.0,"TransactionPricePerSecurity":46.84,"AcquiredOrDisposed":0},{"SecurityTitle":"Common Stock","SecuritiesOwnedFollowingTransaction":18437.0,"DirectOrIndirectOwnership":0,"TransactionDate":"2019-11-02T00:00:00","TransactionCode":5,"TransactionQuantity":11963.0,"TransactionPricePerSecurity":46.84,"AcquiredOrDisposed":1},{"SecurityTitle":"Common Stock","SecuritiesOwnedFollowingTransaction":10000.0,"DirectOrIndirectOwnership":1,"TransactionDate":"2019-09-03T00:00:00","TransactionCode":0,"TransactionQuantity":10000.0,"TransactionPricePerSecurity":36.9,"AcquiredOrDisposed":0},{"SecurityTitle":"Common Stock","SecuritiesOwnedFollowingTransaction":43137.0,"DirectOrIndirectOwnership":0,"TransactionDate":null,"TransactionCode":null,"TransactionQuantity":null,"TransactionPricePerSecurity":null,"AcquiredOrDisposed":null},{"SecurityTitle":"Common Stock","SecuritiesOwnedFollowingTransaction":71697.0,"DirectOrIndirectOwnership":1,"TransactionDate":null,"TransactionCode":null,"TransactionQuantity":null,"TransactionPricePerSecurity":null,"AcquiredOrDisposed":null},{"SecurityTitle":"Common Stock","SecuritiesOwnedFollowingTransaction":125137.0,"DirectOrIndirectOwnership":0,"TransactionDate":"2019-09-03T00:00:00","TransactionCode":0,"TransactionQuantity":2000.0,"TransactionPricePerSecurity":35.7,"AcquiredOrDisposed":0},{"SecurityTitle":"Common Stock","SecuritiesOwnedFollowingTransaction":123137.0,"DirectOrIndirectOwnership":0,"TransactionDate":"2019-08-23T00:00:00","TransactionCode":3,"TransactionQuantity":2000.0,"TransactionPricePerSecurity":38.2,"AcquiredOrDisposed":0},{"SecurityTitle":"Common Stock","SecuritiesOwnedFollowingTransaction":121137.0,"DirectOrIndirectOwnership":0,"TransactionDate":"2019-08-12T00:00:00","TransactionCode":3,"TransactionQuantity":2000.0,"TransactionPricePerSecurity":39.5945,"AcquiredOrDisposed":0},{"SecurityTitle":"Common Stock","SecuritiesOwnedFollowingTransaction":10000.0,"DirectOrIndirectOwnership":1,"TransactionDate":"2019-08-08T00:00:00","TransactionCode":0,"TransactionQuantity":10000.0,"TransactionPricePerSecurity":40.36,"AcquiredOrDisposed":0},{"SecurityTitle":"Common Stock","SecuritiesOwnedFollowingTransaction":104834.0,"DirectOrIndirectOwnership":0,"TransactionDate":null,"TransactionCode":null,"TransactionQuantity":null,"TransactionPricePerSecurity":null,"AcquiredOrDisposed":null},{"SecurityTitle":"Common Stock","SecuritiesOwnedFollowingTransaction":119137.0,"DirectOrIndirectOwnership":0,"TransactionDate":"2019-08-08T00:00:00","TransactionCode":0,"TransactionQuantity":6000.0,"TransactionPricePerSecurity":40.345,"AcquiredOrDisposed":0},{"SecurityTitle":"Common Stock","SecuritiesOwnedFollowingTransaction":134305.0,"DirectOrIndirectOwnership":1,"TransactionDate":"2019-01-25T00:00:00","TransactionCode":7,"TransactionQuantity":4305.0,"TransactionPricePerSecurity":null,"AcquiredOrDisposed":0},{"SecurityTitle":"Common Stock","SecuritiesOwnedFollowingTransaction":211284.0,"DirectOrIndirectOwnership":0,"TransactionDate":"2019-01-22T00:00:00","TransactionCode":7,"TransactionQuantity":30266.0,"TransactionPricePerSecurity":43.66,"AcquiredOrDisposed":0},{"SecurityTitle":"Common Stock","SecuritiesOwnedFollowingTransaction":199374.0,"DirectOrIndirectOwnership":0,"TransactionDate":"2019-01-22T00:00:00","TransactionCode":5,"TransactionQuantity":11910.0,"TransactionPricePerSecurity":43.66,"AcquiredOrDisposed":1},{"SecurityTitle":"Common Stock","SecuritiesOwnedFollowingTransaction":24300.0,"DirectOrIndirectOwnership":0,"TransactionDate":"2019-01-22T00:00:00","TransactionCode":7,"TransactionQuantity":6984.0,"TransactionPricePerSecurity":43.66,"AcquiredOrDisposed":0},{"SecurityTitle":"Common Stock","SecuritiesOwnedFollowingTransaction":22599.0,"DirectOrIndirectOwnership":0,"TransactionDate":"2019-01-22T00:00:00","TransactionCode":5,"TransactionQuantity":1701.0,"TransactionPricePerSecurity":43.66,"AcquiredOrDisposed":1},{"SecurityTitle":"Common Stock","SecuritiesOwnedFollowingTransaction":398016.0,"DirectOrIndirectOwnership":0,"TransactionDate":"2019-01-22T00:00:00","TransactionCode":7,"TransactionQuantity":41907.0,"TransactionPricePerSecurity":43.66,"AcquiredOrDisposed":0},{"SecurityTitle":"Common Stock","SecuritiesOwnedFollowingTransaction":381525.0,"DirectOrIndirectOwnership":0,"TransactionDate":"2019-01-22T00:00:00","TransactionCode":5,"TransactionQuantity":16491.0,"TransactionPricePerSecurity":43.66,"AcquiredOrDisposed":1},{"SecurityTitle":"Common Stock","SecuritiesOwnedFollowingTransaction":55218.0,"DirectOrIndirectOwnership":0,"TransactionDate":"2019-01-22T00:00:00","TransactionCode":7,"TransactionQuantity":11175.0,"TransactionPricePerSecurity":43.66,"AcquiredOrDisposed":0},{"SecurityTitle":"Common Stock","SecuritiesOwnedFollowingTransaction":52496.0,"DirectOrIndirectOwnership":0,"TransactionDate":"2019-01-22T00:00:00","TransactionCode":5,"TransactionQuantity":2722.0,"TransactionPricePerSecurity":43.66,"AcquiredOrDisposed":1},{"SecurityTitle":"Common Stock","SecuritiesOwnedFollowingTransaction":188729.0,"DirectOrIndirectOwnership":0,"TransactionDate":"2019-01-02T00:00:00","TransactionCode":7,"TransactionQuantity":29207.0,"TransactionPricePerSecurity":37.95,"AcquiredOrDisposed":0},{"SecurityTitle":"Common Stock","SecuritiesOwnedFollowingTransaction":181018.0,"DirectOrIndirectOwnership":0,"TransactionDate":"2019-01-02T00:00:00","TransactionCode":5,"TransactionQuantity":7711.0,"TransactionPricePerSecurity":37.95,"AcquiredOrDisposed":1},{"SecurityTitle":"Common Stock","SecuritiesOwnedFollowingTransaction":19127.0,"DirectOrIndirectOwnership":0,"TransactionDate":"2019-01-02T00:00:00","TransactionCode":7,"TransactionQuantity":6740.0,"TransactionPricePerSecurity":37.95,"AcquiredOrDisposed":0},{"SecurityTitle":"Common Stock","SecuritiesOwnedFollowingTransaction":17316.0,"DirectOrIndirectOwnership":0,"TransactionDate":"2019-01-02T00:00:00","TransactionCode":5,"TransactionQuantity":1811.0,"TransactionPricePerSecurity":37.95,"AcquiredOrDisposed":1},{"SecurityTitle":"Common Stock","SecuritiesOwnedFollowingTransaction":368240.0,"DirectOrIndirectOwnership":0,"TransactionDate":"2019-01-02T00:00:00","TransactionCode":7,"TransactionQuantity":40440.0,"TransactionPricePerSecurity":37.95,"AcquiredOrDisposed":0},{"SecurityTitle":"Common Stock","SecuritiesOwnedFollowingTransaction":356109.0,"DirectOrIndirectOwnership":0,"TransactionDate":"2019-01-02T00:00:00","TransactionCode":5,"TransactionQuantity":12131.0,"TransactionPricePerSecurity":37.95,"AcquiredOrDisposed":1},{"SecurityTitle":"Common Stock","SecuritiesOwnedFollowingTransaction":46839.0,"DirectOrIndirectOwnership":0,"TransactionDate":"2019-01-02T00:00:00","TransactionCode":7,"TransactionQuantity":10784.0,"TransactionPricePerSecurity":37.95,"AcquiredOrDisposed":0},{"SecurityTitle":"Common Stock","SecuritiesOwnedFollowingTransaction":44043.0,"DirectOrIndirectOwnership":0,"TransactionDate":"2019-01-02T00:00:00","TransactionCode":5,"TransactionQuantity":2796.0,"TransactionPricePerSecurity":37.95,"AcquiredOrDisposed":1},{"SecurityTitle":"Common Stock","SecuritiesOwnedFollowingTransaction":700.0,"DirectOrIndirectOwnership":1,"TransactionDate":"2018-11-30T00:00:00","TransactionCode":0,"TransactionQuantity":700.0,"TransactionPricePerSecurity":43.83,"AcquiredOrDisposed":0},{"SecurityTitle":"Common Stock","SecuritiesOwnedFollowingTransaction":181606.0,"DirectOrIndirectOwnership":0,"TransactionDate":"2018-11-15T00:00:00","TransactionCode":7,"TransactionQuantity":56121.0,"TransactionPricePerSecurity":37.55,"AcquiredOrDisposed":0},{"SecurityTitle":"Common Stock","SecuritiesOwnedFollowingTransaction":159522.0,"DirectOrIndirectOwnership":0,"TransactionDate":"2018-11-15T00:00:00","TransactionCode":5,"TransactionQuantity":22084.0,"TransactionPricePerSecurity":37.55,"AcquiredOrDisposed":1},{"SecurityTitle":"Common Stock","SecuritiesOwnedFollowingTransaction":41944.0,"DirectOrIndirectOwnership":0,"TransactionDate":"2018-11-15T00:00:00","TransactionCode":7,"TransactionQuantity":14965.0,"TransactionPricePerSecurity":37.55,"AcquiredOrDisposed":0},{"SecurityTitle":"Common Stock","SecuritiesOwnedFollowingTransaction":36055.0,"DirectOrIndirectOwnership":0,"TransactionDate":"2018-11-15T00:00:00","TransactionCode":5,"TransactionQuantity":5889.0,"TransactionPricePerSecurity":37.55,"AcquiredOrDisposed":1},{"SecurityTitle":"Common Stock","SecuritiesOwnedFollowingTransaction":100529.0,"DirectOrIndirectOwnership":0,"TransactionDate":"2018-11-13T00:00:00","TransactionCode":0,"TransactionQuantity":10000.0,"TransactionPricePerSecurity":33.91,"AcquiredOrDisposed":0},{"SecurityTitle":"Common Stock","SecuritiesOwnedFollowingTransaction":125485.0,"DirectOrIndirectOwnership":0,"TransactionDate":"2018-11-13T00:00:00","TransactionCode":0,"TransactionQuantity":3000.0,"TransactionPricePerSecurity":33.7,"AcquiredOrDisposed":0},{"SecurityTitle":"Common Stock","SecuritiesOwnedFollowingTransaction":26979.0,"DirectOrIndirectOwnership":0,"TransactionDate":"2018-09-07T00:00:00","TransactionCode":0,"TransactionQuantity":1000.0,"TransactionPricePerSecurity":45.6,"AcquiredOrDisposed":0},{"SecurityTitle":"Common Stock","SecuritiesOwnedFollowingTransaction":108832.0,"DirectOrIndirectOwnership":0,"TransactionDate":"2018-09-05T00:00:00","TransactionCode":0,"TransactionQuantity":1000.0,"TransactionPricePerSecurity":46.5,"AcquiredOrDisposed":0},{"SecurityTitle":"Common Stock","SecuritiesOwnedFollowingTransaction":107832.0,"DirectOrIndirectOwnership":0,"TransactionDate":"2018-08-07T00:00:00","TransactionCode":0,"TransactionQuantity":4000.0,"TransactionPricePerSecurity":42.4534,"AcquiredOrDisposed":0},{"SecurityTitle":"Common Stock","SecuritiesOwnedFollowingTransaction":130000.0,"DirectOrIndirectOwnership":0,"TransactionDate":"2018-05-25T00:00:00","TransactionCode":1,"TransactionQuantity":10000.0,"TransactionPricePerSecurity":44.3,"AcquiredOrDisposed":1},{"SecurityTitle":"Common Stock","SecuritiesOwnedFollowingTransaction":122485.0,"DirectOrIndirectOwnership":0,"TransactionDate":"2018-05-24T00:00:00","TransactionCode":0,"TransactionQuantity":1500.0,"TransactionPricePerSecurity":43.03,"AcquiredOrDisposed":0},{"SecurityTitle":"Common Stock","SecuritiesOwnedFollowingTransaction":130971.0,"DirectOrIndirectOwnership":0,"TransactionDate":"2018-05-21T00:00:00","TransactionCode":7,"TransactionQuantity":25377.0,"TransactionPricePerSecurity":43.7,"AcquiredOrDisposed":0},{"SecurityTitle":"Common Stock","SecuritiesOwnedFollowingTransaction":120985.0,"DirectOrIndirectOwnership":0,"TransactionDate":"2018-05-21T00:00:00","TransactionCode":5,"TransactionQuantity":9986.0,"TransactionPricePerSecurity":43.7,"AcquiredOrDisposed":1},{"SecurityTitle":"Common Stock","SecuritiesOwnedFollowingTransaction":132917.0,"DirectOrIndirectOwnership":0,"TransactionDate":"2018-05-16T00:00:00","TransactionCode":7,"TransactionQuantity":46402.0,"TransactionPricePerSecurity":9.08,"AcquiredOrDisposed":0},{"SecurityTitle":"Common Stock","SecuritiesOwnedFollowingTransaction":177128.0,"DirectOrIndirectOwnership":0,"TransactionDate":"2018-05-16T00:00:00","TransactionCode":7,"TransactionQuantity":44211.0,"TransactionPricePerSecurity":8.96,"AcquiredOrDisposed":0},{"SecurityTitle":"Common Stock","SecuritiesOwnedFollowingTransaction":130021.0,"DirectOrIndirectOwnership":0,"TransactionDate":"2018-05-16T00:00:00","TransactionCode":5,"TransactionQuantity":47107.0,"TransactionPricePerSecurity":43.3,"AcquiredOrDisposed":1},{"SecurityTitle":"Common Stock","SecuritiesOwnedFollowingTransaction":110021.0,"DirectOrIndirectOwnership":0,"TransactionDate":"2018-05-16T00:00:00","TransactionCode":1,"TransactionQuantity":20000.0,"TransactionPricePerSecurity":42.95,"AcquiredOrDisposed":1},{"SecurityTitle":"Common Stock","SecuritiesOwnedFollowingTransaction":86515.0,"DirectOrIndirectOwnership":0,"TransactionDate":"2018-05-17T00:00:00","TransactionCode":1,"TransactionQuantity":23506.0,"TransactionPricePerSecurity":44.01,"AcquiredOrDisposed":1},{"SecurityTitle":"Common Stock","SecuritiesOwnedFollowingTransaction":12387.0,"DirectOrIndirectOwnership":0,"TransactionDate":"2018-05-18T00:00:00","TransactionCode":1,"TransactionQuantity":5000.0,"TransactionPricePerSecurity":43.86,"AcquiredOrDisposed":1},{"SecurityTitle":"Common Stock","SecuritiesOwnedFollowingTransaction":140000.0,"DirectOrIndirectOwnership":0,"TransactionDate":"2018-05-10T00:00:00","TransactionCode":1,"TransactionQuantity":6612.0,"TransactionPricePerSecurity":43.0,"AcquiredOrDisposed":1},{"SecurityTitle":"Common Stock","SecuritiesOwnedFollowingTransaction":25979.0,"DirectOrIndirectOwnership":0,"TransactionDate":"2018-05-08T00:00:00","TransactionCode":1,"TransactionQuantity":20000.0,"TransactionPricePerSecurity":42.31,"AcquiredOrDisposed":1},{"SecurityTitle":"Common Stock","SecuritiesOwnedFollowingTransaction":146612.0,"DirectOrIndirectOwnership":1,"TransactionDate":"2018-01-26T00:00:00","TransactionCode":7,"TransactionQuantity":4612.0,"TransactionPricePerSecurity":null,"AcquiredOrDisposed":0},{"SecurityTitle":"Common Stock","SecuritiesOwnedFollowingTransaction":15012.0,"DirectOrIndirectOwnership":0,"TransactionDate":"2018-01-26T00:00:00","TransactionCode":7,"TransactionQuantity":4612.0,"TransactionPricePerSecurity":null,"AcquiredOrDisposed":0},{"SecurityTitle":"Common Stock","SecuritiesOwnedFollowingTransaction":56309.0,"DirectOrIndirectOwnership":0,"TransactionDate":"2018-01-26T00:00:00","TransactionCode":7,"TransactionQuantity":4612.0,"TransactionPricePerSecurity":null,"AcquiredOrDisposed":0},{"SecurityTitle":"Common Stock","SecuritiesOwnedFollowingTransaction":8140.0,"DirectOrIndirectOwnership":0,"TransactionDate":"2018-01-26T00:00:00","TransactionCode":7,"TransactionQuantity":4612.0,"TransactionPricePerSecurity":null,"AcquiredOrDisposed":0},{"SecurityTitle":"Common Stock","SecuritiesOwnedFollowingTransaction":19358.0,"DirectOrIndirectOwnership":0,"TransactionDate":"2018-01-23T00:00:00","TransactionCode":7,"TransactionQuantity":8091.0,"TransactionPricePerSecurity":34.0,"AcquiredOrDisposed":0},{"SecurityTitle":"Common Stock","SecuritiesOwnedFollowingTransaction":17387.0,"DirectOrIndirectOwnership":0,"TransactionDate":"2018-01-23T00:00:00","TransactionCode":5,"TransactionQuantity":1971.0,"TransactionPricePerSecurity":34.0,"AcquiredOrDisposed":1},{"SecurityTitle":"Common Stock","SecuritiesOwnedFollowingTransaction":357516.0,"DirectOrIndirectOwnership":0,"TransactionDate":"2018-01-23T00:00:00","TransactionCode":7,"TransactionQuantity":75517.0,"TransactionPricePerSecurity":34.0,"AcquiredOrDisposed":0},{"SecurityTitle":"Common Stock","SecuritiesOwnedFollowingTransaction":327800.0,"DirectOrIndirectOwnership":0,"TransactionDate":"2018-01-23T00:00:00","TransactionCode":5,"TransactionQuantity":29716.0,"TransactionPricePerSecurity":34.0,"AcquiredOrDisposed":1},{"SecurityTitle":"Common Stock","SecuritiesOwnedFollowingTransaction":54470.0,"DirectOrIndirectOwnership":0,"TransactionDate":"2018-01-23T00:00:00","TransactionCode":7,"TransactionQuantity":21576.0,"TransactionPricePerSecurity":34.0,"AcquiredOrDisposed":0},{"SecurityTitle":"Common Stock","SecuritiesOwnedFollowingTransaction":45979.0,"DirectOrIndirectOwnership":0,"TransactionDate":"2018-01-23T00:00:00","TransactionCode":5,"TransactionQuantity":8491.0,"TransactionPricePerSecurity":34.0,"AcquiredOrDisposed":1},{"SecurityTitle":"Common Stock","SecuritiesOwnedFollowingTransaction":121160.0,"DirectOrIndirectOwnership":0,"TransactionDate":"2018-01-23T00:00:00","TransactionCode":7,"TransactionQuantity":39556.0,"TransactionPricePerSecurity":34.0,"AcquiredOrDisposed":0},{"SecurityTitle":"Common Stock","SecuritiesOwnedFollowingTransaction":105594.0,"DirectOrIndirectOwnership":0,"TransactionDate":"2018-01-23T00:00:00","TransactionCode":5,"TransactionQuantity":15566.0,"TransactionPricePerSecurity":34.0,"AcquiredOrDisposed":1},{"SecurityTitle":"Common Stock","SecuritiesOwnedFollowingTransaction":100601.0,"DirectOrIndirectOwnership":0,"TransactionDate":"2018-01-01T00:00:00","TransactionCode":7,"TransactionQuantity":53401.0,"TransactionPricePerSecurity":31.65,"AcquiredOrDisposed":0},{"SecurityTitle":"Common Stock","SecuritiesOwnedFollowingTransaction":81604.0,"DirectOrIndirectOwnership":0,"TransactionDate":"2018-01-01T00:00:00","TransactionCode":5,"TransactionQuantity":18997.0,"TransactionPricePerSecurity":31.65,"AcquiredOrDisposed":1},{"SecurityTitle":"Common Stock","SecuritiesOwnedFollowingTransaction":89598.0,"DirectOrIndirectOwnership":0,"TransactionDate":"2018-01-01T00:00:00","TransactionCode":7,"TransactionQuantity":10558.0,"TransactionPricePerSecurity":31.65,"AcquiredOrDisposed":0},{"SecurityTitle":"Common Stock","SecuritiesOwnedFollowingTransaction":86515.0,"DirectOrIndirectOwnership":0,"TransactionDate":"2018-01-01T00:00:00","TransactionCode":5,"TransactionQuantity":3083.0,"TransactionPricePerSecurity":31.65,"AcquiredOrDisposed":1},{"SecurityTitle":"Common Stock","SecuritiesOwnedFollowingTransaction":15778.0,"DirectOrIndirectOwnership":0,"TransactionDate":"2018-01-01T00:00:00","TransactionCode":7,"TransactionQuantity":15778.0,"TransactionPricePerSecurity":31.65,"AcquiredOrDisposed":0},{"SecurityTitle":"Common Stock","SecuritiesOwnedFollowingTransaction":11267.0,"DirectOrIndirectOwnership":0,"TransactionDate":"2018-01-01T00:00:00","TransactionCode":5,"TransactionQuantity":4511.0,"TransactionPricePerSecurity":31.65,"AcquiredOrDisposed":1},{"SecurityTitle":"Common Stock","SecuritiesOwnedFollowingTransaction":318519.0,"DirectOrIndirectOwnership":0,"TransactionDate":"2018-01-01T00:00:00","TransactionCode":7,"TransactionQuantity":101948.0,"TransactionPricePerSecurity":31.65,"AcquiredOrDisposed":0},{"SecurityTitle":"Common Stock","SecuritiesOwnedFollowingTransaction":281999.0,"DirectOrIndirectOwnership":0,"TransactionDate":"2018-01-01T00:00:00","TransactionCode":5,"TransactionQuantity":36520.0,"TransactionPricePerSecurity":31.65,"AcquiredOrDisposed":1},{"SecurityTitle":"Common Stock","SecuritiesOwnedFollowingTransaction":45396.0,"DirectOrIndirectOwnership":0,"TransactionDate":"2018-01-01T00:00:00","TransactionCode":7,"TransactionQuantity":36896.0,"TransactionPricePerSecurity":31.65,"AcquiredOrDisposed":0},{"SecurityTitle":"Common Stock","SecuritiesOwnedFollowingTransaction":32894.0,"DirectOrIndirectOwnership":0,"TransactionDate":"2018-01-01T00:00:00","TransactionCode":5,"TransactionQuantity":12502.0,"TransactionPricePerSecurity":31.65,"AcquiredOrDisposed":1},{"SecurityTitle":"Common Stock","SecuritiesOwnedFollowingTransaction":10000.0,"DirectOrIndirectOwnership":0,"TransactionDate":"2017-11-16T00:00:00","TransactionCode":1,"TransactionQuantity":13079.0,"TransactionPricePerSecurity":29.5,"AcquiredOrDisposed":1},{"SecurityTitle":"Common Stock","SecuritiesOwnedFollowingTransaction":4700.0,"DirectOrIndirectOwnership":1,"TransactionDate":"2017-11-09T00:00:00","TransactionCode":0,"TransactionQuantity":1700.0,"TransactionPricePerSecurity":28.6999,"AcquiredOrDisposed":0},{"SecurityTitle":"Common Stock","SecuritiesOwnedFollowingTransaction":10400.0,"DirectOrIndirectOwnership":0,"TransactionDate":null,"TransactionCode":null,"TransactionQuantity":null,"TransactionPricePerSecurity":null,"AcquiredOrDisposed":null},{"SecurityTitle":"Common stock","SecuritiesOwnedFollowingTransaction":47200.0,"DirectOrIndirectOwnership":0,"TransactionDate":"2017-08-23T00:00:00","TransactionCode":0,"TransactionQuantity":1000.0,"TransactionPricePerSecurity":23.2,"AcquiredOrDisposed":0},{"SecurityTitle":"Common Stock","SecuritiesOwnedFollowingTransaction":46200.0,"DirectOrIndirectOwnership":0,"TransactionDate":"2017-06-16T00:00:00","TransactionCode":0,"TransactionQuantity":2500.0,"TransactionPricePerSecurity":20.03,"AcquiredOrDisposed":0},{"SecurityTitle":"Common Stock","SecuritiesOwnedFollowingTransaction":5097594.0,"DirectOrIndirectOwnership":0,"TransactionDate":"2017-05-22T00:00:00","TransactionCode":1,"TransactionQuantity":20864.0,"TransactionPricePerSecurity":20.51,"AcquiredOrDisposed":1},{"SecurityTitle":"Common Stock","SecuritiesOwnedFollowingTransaction":4368461.0,"DirectOrIndirectOwnership":0,"TransactionDate":"2017-05-23T00:00:00","TransactionCode":1,"TransactionQuantity":729136.0,"TransactionPricePerSecurity":20.66,"AcquiredOrDisposed":1},{"SecurityTitle":"Common Stock","SecuritiesOwnedFollowingTransaction":33031.0,"DirectOrIndirectOwnership":0,"TransactionDate":"2017-05-01T00:00:00","TransactionCode":3,"TransactionQuantity":33031.0,"TransactionPricePerSecurity":null,"AcquiredOrDisposed":0},{"SecurityTitle":"Common Stock","SecuritiesOwnedFollowingTransaction":37316.0,"DirectOrIndirectOwnership":0,"TransactionDate":"2017-05-01T00:00:00","TransactionCode":7,"TransactionQuantity":4285.0,"TransactionPricePerSecurity":null,"AcquiredOrDisposed":0},{"SecurityTitle":"Common Stock","SecuritiesOwnedFollowingTransaction":41598.0,"DirectOrIndirectOwnership":0,"TransactionDate":"2017-05-01T00:00:00","TransactionCode":7,"TransactionQuantity":4282.0,"TransactionPricePerSecurity":null,"AcquiredOrDisposed":0},{"SecurityTitle":"Common Stock","SecuritiesOwnedFollowingTransaction":39349.0,"DirectOrIndirectOwnership":0,"TransactionDate":"2017-05-01T00:00:00","TransactionCode":5,"TransactionQuantity":2249.0,"TransactionPricePerSecurity":19.05,"AcquiredOrDisposed":1},{"SecurityTitle":"Common Stock","SecuritiesOwnedFollowingTransaction":43634.0,"DirectOrIndirectOwnership":0,"TransactionDate":"2017-05-03T00:00:00","TransactionCode":7,"TransactionQuantity":4287.0,"TransactionPricePerSecurity":null,"AcquiredOrDisposed":0},{"SecurityTitle":"Common Stock","SecuritiesOwnedFollowingTransaction":52199.0,"DirectOrIndirectOwnership":0,"TransactionDate":"2017-05-03T00:00:00","TransactionCode":7,"TransactionQuantity":8565.0,"TransactionPricePerSecurity":null,"AcquiredOrDisposed":0},{"SecurityTitle":"Common Stock","SecuritiesOwnedFollowingTransaction":58689.0,"DirectOrIndirectOwnership":0,"TransactionDate":"2017-05-03T00:00:00","TransactionCode":7,"TransactionQuantity":6490.0,"TransactionPricePerSecurity":null,"AcquiredOrDisposed":0},{"SecurityTitle":"Common Stock","SecuritiesOwnedFollowingTransaction":79261.0,"DirectOrIndirectOwnership":0,"TransactionDate":"2017-05-03T00:00:00","TransactionCode":7,"TransactionQuantity":20572.0,"TransactionPricePerSecurity":null,"AcquiredOrDisposed":0},{"SecurityTitle":"Common Stock","SecuritiesOwnedFollowingTransaction":99815.0,"DirectOrIndirectOwnership":0,"TransactionDate":"2017-05-03T00:00:00","TransactionCode":7,"TransactionQuantity":20555.0,"TransactionPricePerSecurity":null,"AcquiredOrDisposed":0},{"SecurityTitle":"Common Stock","SecuritiesOwnedFollowingTransaction":110199.0,"DirectOrIndirectOwnership":0,"TransactionDate":"2017-05-03T00:00:00","TransactionCode":7,"TransactionQuantity":10383.0,"TransactionPricePerSecurity":null,"AcquiredOrDisposed":0},{"SecurityTitle":"Common Stock","SecuritiesOwnedFollowingTransaction":79561.0,"DirectOrIndirectOwnership":0,"TransactionDate":"2017-05-03T00:00:00","TransactionCode":5,"TransactionQuantity":30638.0,"TransactionPricePerSecurity":19.3,"AcquiredOrDisposed":1},{"SecurityTitle":"Common Stock","SecuritiesOwnedFollowingTransaction":3528.0,"DirectOrIndirectOwnership":0,"TransactionDate":"2017-05-01T00:00:00","TransactionCode":3,"TransactionQuantity":3528.0,"TransactionPricePerSecurity":null,"AcquiredOrDisposed":0},{"SecurityTitle":"Common Stock","SecuritiesOwnedFollowingTransaction":19757.0,"DirectOrIndirectOwnership":0,"TransactionDate":"2017-05-01T00:00:00","TransactionCode":3,"TransactionQuantity":19757.0,"TransactionPricePerSecurity":null,"AcquiredOrDisposed":0},{"SecurityTitle":"Common Stock","SecuritiesOwnedFollowingTransaction":3307.0,"DirectOrIndirectOwnership":0,"TransactionDate":"2017-05-01T00:00:00","TransactionCode":3,"TransactionQuantity":3307.0,"TransactionPricePerSecurity":null,"AcquiredOrDisposed":0},{"SecurityTitle":"Common Stock","SecuritiesOwnedFollowingTransaction":5118461.0,"DirectOrIndirectOwnership":0,"TransactionDate":"2017-03-15T00:00:00","TransactionCode":1,"TransactionQuantity":400000.0,"TransactionPricePerSecurity":19.1502,"AcquiredOrDisposed":1},{"SecurityTitle":"Common Stock","SecuritiesOwnedFollowingTransaction":142000.0,"DirectOrIndirectOwnership":1,"TransactionDate":"2017-03-14T00:00:00","TransactionCode":0,"TransactionQuantity":1744.0,"TransactionPricePerSecurity":18.7,"AcquiredOrDisposed":0},{"SecurityTitle":"Common Stock","SecuritiesOwnedFollowingTransaction":3000.0,"DirectOrIndirectOwnership":1,"TransactionDate":"2016-11-16T00:00:00","TransactionCode":0,"TransactionQuantity":3000.0,"TransactionPricePerSecurity":13.12,"AcquiredOrDisposed":0},{"SecurityTitle":"Common Stock","SecuritiesOwnedFollowingTransaction":10400.0,"DirectOrIndirectOwnership":0,"TransactionDate":null,"TransactionCode":null,"TransactionQuantity":null,"TransactionPricePerSecurity":null,"AcquiredOrDisposed":null},{"SecurityTitle":"Common Stock","SecuritiesOwnedFollowingTransaction":140256.0,"DirectOrIndirectOwnership":1,"TransactionDate":"2017-02-03T00:00:00","TransactionCode":7,"TransactionQuantity":9256.0,"TransactionPricePerSecurity":null,"AcquiredOrDisposed":0},{"SecurityTitle":"Common Stock","SecuritiesOwnedFollowingTransaction":5783015.0,"DirectOrIndirectOwnership":0,"TransactionDate":"2016-11-28T00:00:00","TransactionCode":1,"TransactionQuantity":85446.0,"TransactionPricePerSecurity":13.2075,"AcquiredOrDisposed":1},{"SecurityTitle":"Common Stock","SecuritiesOwnedFollowingTransaction":5680782.0,"DirectOrIndirectOwnership":0,"TransactionDate":"2016-11-29T00:00:00","TransactionCode":1,"TransactionQuantity":102233.0,"TransactionPricePerSecurity":13.4718,"AcquiredOrDisposed":1},{"SecurityTitle":"Common Stock","SecuritiesOwnedFollowingTransaction":5518461.0,"DirectOrIndirectOwnership":0,"TransactionDate":"2016-11-30T00:00:00","TransactionCode":1,"TransactionQuantity":162321.0,"TransactionPricePerSecurity":13.4932,"AcquiredOrDisposed":1},{"SecurityTitle":"Common Stock","SecuritiesOwnedFollowingTransaction":10400.0,"DirectOrIndirectOwnership":1,"TransactionDate":"2016-11-16T00:00:00","TransactionCode":0,"TransactionQuantity":3000.0,"TransactionPricePerSecurity":13.07,"AcquiredOrDisposed":0},{"SecurityTitle":"Common Stock","SecuritiesOwnedFollowingTransaction":43700.0,"DirectOrIndirectOwnership":0,"TransactionDate":"2016-11-11T00:00:00","TransactionCode":0,"TransactionQuantity":4200.0,"TransactionPricePerSecurity":12.05,"AcquiredOrDisposed":0},{"SecurityTitle":"Common Stock","SecuritiesOwnedFollowingTransaction":51697.0,"DirectOrIndirectOwnership":0,"TransactionDate":"2016-11-09T00:00:00","TransactionCode":0,"TransactionQuantity":5000.0,"TransactionPricePerSecurity":10.95,"AcquiredOrDisposed":0},{"SecurityTitle":"Common Stock","SecuritiesOwnedFollowingTransaction":131000.0,"DirectOrIndirectOwnership":0,"TransactionDate":"2016-11-08T00:00:00","TransactionCode":0,"TransactionQuantity":1000.0,"TransactionPricePerSecurity":11.0349,"AcquiredOrDisposed":0},{"SecurityTitle":"Common Stock","SecuritiesOwnedFollowingTransaction":65000.0,"DirectOrIndirectOwnership":0,"TransactionDate":"2016-11-08T00:00:00","TransactionCode":0,"TransactionQuantity":10000.0,"TransactionPricePerSecurity":10.99,"AcquiredOrDisposed":0},{"SecurityTitle":"Common Stock","SecuritiesOwnedFollowingTransaction":8500.0,"DirectOrIndirectOwnership":0,"TransactionDate":"2016-06-17T00:00:00","TransactionCode":0,"TransactionQuantity":3000.0,"TransactionPricePerSecurity":14.54,"AcquiredOrDisposed":0},{"SecurityTitle":"Common Stock","SecuritiesOwnedFollowingTransaction":52000.0,"DirectOrIndirectOwnership":0,"TransactionDate":"2016-06-14T00:00:00","TransactionCode":0,"TransactionQuantity":2000.0,"TransactionPricePerSecurity":14.75,"AcquiredOrDisposed":0},{"SecurityTitle":"Common Stock","SecuritiesOwnedFollowingTransaction":52100.0,"DirectOrIndirectOwnership":0,"TransactionDate":"2016-06-15T00:00:00","TransactionCode":0,"TransactionQuantity":100.0,"TransactionPricePerSecurity":14.75,"AcquiredOrDisposed":0},{"SecurityTitle":"Common Stock","SecuritiesOwnedFollowingTransaction":55000.0,"DirectOrIndirectOwnership":0,"TransactionDate":"2016-06-15T00:00:00","TransactionCode":0,"TransactionQuantity":2900.0,"TransactionPricePerSecurity":14.7698,"AcquiredOrDisposed":0},{"SecurityTitle":"Common Stock","SecuritiesOwnedFollowingTransaction":7400.0,"DirectOrIndirectOwnership":1,"TransactionDate":"2016-05-24T00:00:00","TransactionCode":0,"TransactionQuantity":7400.0,"TransactionPricePerSecurity":13.55,"AcquiredOrDisposed":0},{"SecurityTitle":"Common Stock","SecuritiesOwnedFollowingTransaction":34220.0,"DirectOrIndirectOwnership":0,"TransactionDate":"2016-05-17T00:00:00","TransactionCode":0,"TransactionQuantity":7500.0,"TransactionPricePerSecurity":13.34,"AcquiredOrDisposed":0},{"SecurityTitle":"Common Stock","SecuritiesOwnedFollowingTransaction":10881110.0,"DirectOrIndirectOwnership":1,"TransactionDate":null,"TransactionCode":null,"TransactionQuantity":null,"TransactionPricePerSecurity":null,"AcquiredOrDisposed":null},{"SecurityTitle":"Common Stock","SecuritiesOwnedFollowingTransaction":80941.0,"DirectOrIndirectOwnership":1,"TransactionDate":null,"TransactionCode":null,"TransactionQuantity":null,"TransactionPricePerSecurity":null,"AcquiredOrDisposed":null},{"SecurityTitle":"Common Stock","SecuritiesOwnedFollowingTransaction":1214108.0,"DirectOrIndirectOwnership":1,"TransactionDate":null,"TransactionCode":null,"TransactionQuantity":null,"TransactionPricePerSecurity":null,"AcquiredOrDisposed":null},{"SecurityTitle":"Common Stock, par value $0.00001","SecuritiesOwnedFollowingTransaction":39500.0,"DirectOrIndirectOwnership":0,"TransactionDate":"2016-05-10T00:00:00","TransactionCode":0,"TransactionQuantity":4500.0,"TransactionPricePerSecurity":13.75,"AcquiredOrDisposed":0},{"SecurityTitle":"Common Stock","SecuritiesOwnedFollowingTransaction":46697.0,"DirectOrIndirectOwnership":0,"TransactionDate":"2016-03-17T00:00:00","TransactionCode":0,"TransactionQuantity":10000.0,"TransactionPricePerSecurity":11.0,"AcquiredOrDisposed":0},{"SecurityTitle":"Common Stock","SecuritiesOwnedFollowingTransaction":28768.0,"DirectOrIndirectOwnership":0,"TransactionDate":"2016-03-15T00:00:00","TransactionCode":7,"TransactionQuantity":28768.0,"TransactionPricePerSecurity":null,"AcquiredOrDisposed":0},{"SecurityTitle":"Common Stock","SecuritiesOwnedFollowingTransaction":67604.0,"DirectOrIndirectOwnership":0,"TransactionDate":"2016-03-15T00:00:00","TransactionCode":7,"TransactionQuantity":38836.0,"TransactionPricePerSecurity":null,"AcquiredOrDisposed":0},{"SecurityTitle":"Common Stock","SecuritiesOwnedFollowingTransaction":78779.0,"DirectOrIndirectOwnership":0,"TransactionDate":"2016-03-15T00:00:00","TransactionCode":7,"TransactionQuantity":11175.0,"TransactionPricePerSecurity":null,"AcquiredOrDisposed":0},{"SecurityTitle":"Common Stock","SecuritiesOwnedFollowingTransaction":57231.0,"DirectOrIndirectOwnership":0,"TransactionDate":"2016-03-15T00:00:00","TransactionCode":5,"TransactionQuantity":21548.0,"TransactionPricePerSecurity":10.18,"AcquiredOrDisposed":1},{"SecurityTitle":"Common Stock","SecuritiesOwnedFollowingTransaction":50000.0,"DirectOrIndirectOwnership":0,"TransactionDate":"2016-03-15T00:00:00","TransactionCode":0,"TransactionQuantity":10000.0,"TransactionPricePerSecurity":10.8017,"AcquiredOrDisposed":0},{"SecurityTitle":"Common Stock","SecuritiesOwnedFollowingTransaction":35000.0,"DirectOrIndirectOwnership":0,"TransactionDate":"2016-03-15T00:00:00","TransactionCode":0,"TransactionQuantity":6300.0,"TransactionPricePerSecurity":10.8,"AcquiredOrDisposed":0},{"SecurityTitle":"Common Stock","SecuritiesOwnedFollowingTransaction":130000.0,"DirectOrIndirectOwnership":0,"TransactionDate":"2016-03-15T00:00:00","TransactionCode":1,"TransactionQuantity":6984.0,"TransactionPricePerSecurity":10.8274,"AcquiredOrDisposed":1},{"SecurityTitle":"Common Stock","SecuritiesOwnedFollowingTransaction":136984.0,"DirectOrIndirectOwnership":0,"TransactionDate":"2016-01-22T00:00:00","TransactionCode":7,"TransactionQuantity":6984.0,"TransactionPricePerSecurity":null,"AcquiredOrDisposed":0},{"SecurityTitle":"Common Stock","SecuritiesOwnedFollowingTransaction":85966.0,"DirectOrIndirectOwnership":0,"TransactionDate":"2016-01-05T00:00:00","TransactionCode":7,"TransactionQuantity":37758.0,"TransactionPricePerSecurity":null,"AcquiredOrDisposed":0},{"SecurityTitle":"Common Stock","SecuritiesOwnedFollowingTransaction":73978.0,"DirectOrIndirectOwnership":0,"TransactionDate":"2016-01-05T00:00:00","TransactionCode":5,"TransactionQuantity":11988.0,"TransactionPricePerSecurity":11.09,"AcquiredOrDisposed":1},{"SecurityTitle":"Common Stock, par value $0.00001","SecuritiesOwnedFollowingTransaction":35707.0,"DirectOrIndirectOwnership":0,"TransactionDate":"2015-12-15T00:00:00","TransactionCode":0,"TransactionQuantity":10707.0,"TransactionPricePerSecurity":9.6156,"AcquiredOrDisposed":0},{"SecurityTitle":"Common Stock, par value $0.00001","SecuritiesOwnedFollowingTransaction":36697.0,"DirectOrIndirectOwnership":0,"TransactionDate":"2015-12-16T00:00:00","TransactionCode":0,"TransactionQuantity":990.0,"TransactionPricePerSecurity":9.632,"AcquiredOrDisposed":0},{"SecurityTitle":"Common Stock, par value $0.00001","SecuritiesOwnedFollowingTransaction":40000.0,"DirectOrIndirectOwnership":0,"TransactionDate":"2015-12-15T00:00:00","TransactionCode":0,"TransactionQuantity":10000.0,"TransactionPricePerSecurity":9.6582,"AcquiredOrDisposed":0},{"SecurityTitle":"Common Stock, par value $0.00001","SecuritiesOwnedFollowingTransaction":28700.0,"DirectOrIndirectOwnership":0,"TransactionDate":"2015-12-10T00:00:00","TransactionCode":0,"TransactionQuantity":4300.0,"TransactionPricePerSecurity":10.14,"AcquiredOrDisposed":0},{"SecurityTitle":"Common Stock, par value $0.00001","SecuritiesOwnedFollowingTransaction":5868461.0,"DirectOrIndirectOwnership":0,"TransactionDate":"2015-11-24T00:00:00","TransactionCode":0,"TransactionQuantity":124378.0,"TransactionPricePerSecurity":null,"AcquiredOrDisposed":0},{"SecurityTitle":"Common Stock, par value $0.00001","SecuritiesOwnedFollowingTransaction":11129867.0,"DirectOrIndirectOwnership":0,"TransactionDate":"2015-11-24T00:00:00","TransactionCode":0,"TransactionQuantity":248757.0,"TransactionPricePerSecurity":null,"AcquiredOrDisposed":0},{"SecurityTitle":"Common Stock, par value $0.00001","SecuritiesOwnedFollowingTransaction":16602.0,"DirectOrIndirectOwnership":0,"TransactionDate":"2015-09-11T00:00:00","TransactionCode":0,"TransactionQuantity":752.0,"TransactionPricePerSecurity":9.25,"AcquiredOrDisposed":0},{"SecurityTitle":"Common Stock, par value $0.00001","SecuritiesOwnedFollowingTransaction":17850.0,"DirectOrIndirectOwnership":0,"TransactionDate":"2015-09-11T00:00:00","TransactionCode":0,"TransactionQuantity":1248.0,"TransactionPricePerSecurity":9.22,"AcquiredOrDisposed":0},{"SecurityTitle":"Common Stock, par value $0.00001","SecuritiesOwnedFollowingTransaction":19850.0,"DirectOrIndirectOwnership":0,"TransactionDate":"2015-09-11T00:00:00","TransactionCode":0,"TransactionQuantity":2000.0,"TransactionPricePerSecurity":9.24,"AcquiredOrDisposed":0},{"SecurityTitle":"Common Stock, par value $0.00001","SecuritiesOwnedFollowingTransaction":24220.0,"DirectOrIndirectOwnership":0,"TransactionDate":"2015-09-11T00:00:00","TransactionCode":0,"TransactionQuantity":4370.0,"TransactionPricePerSecurity":9.25,"AcquiredOrDisposed":0},{"SecurityTitle":"Common Stock, par value $0.00001","SecuritiesOwnedFollowingTransaction":26720.0,"DirectOrIndirectOwnership":0,"TransactionDate":"2015-09-11T00:00:00","TransactionCode":0,"TransactionQuantity":2500.0,"TransactionPricePerSecurity":9.21,"AcquiredOrDisposed":0},{"SecurityTitle":"Common Stock, par value $0.00001","SecuritiesOwnedFollowingTransaction":10881110.0,"DirectOrIndirectOwnership":1,"TransactionDate":null,"TransactionCode":null,"TransactionQuantity":null,"TransactionPricePerSecurity":null,"AcquiredOrDisposed":null},{"SecurityTitle":"Common Stock, par value $0.00001","SecuritiesOwnedFollowingTransaction":80941.0,"DirectOrIndirectOwnership":1,"TransactionDate":null,"TransactionCode":null,"TransactionQuantity":null,"TransactionPricePerSecurity":null,"AcquiredOrDisposed":null},{"SecurityTitle":"Common Stock, par value $0.00001","SecuritiesOwnedFollowingTransaction":1214108.0,"DirectOrIndirectOwnership":1,"TransactionDate":null,"TransactionCode":null,"TransactionQuantity":null,"TransactionPricePerSecurity":null,"AcquiredOrDisposed":null},{"SecurityTitle":"Common stock, par value $0.00001","SecuritiesOwnedFollowingTransaction":2000.0,"DirectOrIndirectOwnership":1,"TransactionDate":"2015-08-27T00:00:00","TransactionCode":0,"TransactionQuantity":2000.0,"TransactionPricePerSecurity":9.0,"AcquiredOrDisposed":0},{"SecurityTitle":"Common stock, par value $0.00001","SecuritiesOwnedFollowingTransaction":4000.0,"DirectOrIndirectOwnership":1,"TransactionDate":"2015-09-14T00:00:00","TransactionCode":0,"TransactionQuantity":2000.0,"TransactionPricePerSecurity":9.1,"AcquiredOrDisposed":0},{"SecurityTitle":"Common stock, par value $0.00001","SecuritiesOwnedFollowingTransaction":10881110.0,"DirectOrIndirectOwnership":1,"TransactionDate":null,"TransactionCode":null,"TransactionQuantity":null,"TransactionPricePerSecurity":null,"AcquiredOrDisposed":null},{"SecurityTitle":"Common Stock, par value $0.00001","SecuritiesOwnedFollowingTransaction":15850.0,"DirectOrIndirectOwnership":0,"TransactionDate":"2015-08-25T00:00:00","TransactionCode":0,"TransactionQuantity":10850.0,"TransactionPricePerSecurity":9.15,"AcquiredOrDisposed":0},{"SecurityTitle":"Common Stock, par value $0.00001","SecuritiesOwnedFollowingTransaction":10881110.0,"DirectOrIndirectOwnership":1,"TransactionDate":null,"TransactionCode":null,"TransactionQuantity":null,"TransactionPricePerSecurity":null,"AcquiredOrDisposed":null},{"SecurityTitle":"Common Stock, par value $0.00001","SecuritiesOwnedFollowingTransaction":80941.0,"DirectOrIndirectOwnership":1,"TransactionDate":null,"TransactionCode":null,"TransactionQuantity":null,"TransactionPricePerSecurity":null,"AcquiredOrDisposed":null},{"SecurityTitle":"Common Stock, par value $0.00001","SecuritiesOwnedFollowingTransaction":1214108.0,"DirectOrIndirectOwnership":1,"TransactionDate":null,"TransactionCode":null,"TransactionQuantity":null,"TransactionPricePerSecurity":null,"AcquiredOrDisposed":null},{"SecurityTitle":"Common Stock, par value $0.00001","SecuritiesOwnedFollowingTransaction":30000.0,"DirectOrIndirectOwnership":0,"TransactionDate":"2015-08-14T00:00:00","TransactionCode":0,"TransactionQuantity":10000.0,"TransactionPricePerSecurity":8.865,"AcquiredOrDisposed":0},{"SecurityTitle":"Common Stock, par value $0.00001","SecuritiesOwnedFollowingTransaction":5500.0,"DirectOrIndirectOwnership":0,"TransactionDate":"2015-08-14T00:00:00","TransactionCode":0,"TransactionQuantity":3000.0,"TransactionPricePerSecurity":9.0,"AcquiredOrDisposed":0},{"SecurityTitle":"Common Stock, par value $0.00001","SecuritiesOwnedFollowingTransaction":24400.0,"DirectOrIndirectOwnership":0,"TransactionDate":"2015-08-14T00:00:00","TransactionCode":0,"TransactionQuantity":7400.0,"TransactionPricePerSecurity":9.0,"AcquiredOrDisposed":0},{"SecurityTitle":"Common Stock","SecuritiesOwnedFollowingTransaction":130000.0,"DirectOrIndirectOwnership":0,"TransactionDate":"2015-06-23T00:00:00","TransactionCode":7,"TransactionQuantity":17980.0,"TransactionPricePerSecurity":null,"AcquiredOrDisposed":0},{"SecurityTitle":"Common Stock","SecuritiesOwnedFollowingTransaction":130000.0,"DirectOrIndirectOwnership":0,"TransactionDate":null,"TransactionCode":null,"TransactionQuantity":null,"TransactionPricePerSecurity":null,"AcquiredOrDisposed":null},{"SecurityTitle":"Common Stock, par value $0.00001","SecuritiesOwnedFollowingTransaction":5000.0,"DirectOrIndirectOwnership":0,"TransactionDate":"2015-03-20T00:00:00","TransactionCode":0,"TransactionQuantity":5000.0,"TransactionPricePerSecurity":4.72,"AcquiredOrDisposed":0},{"SecurityTitle":"Common Stock, par value $0.00001","SecuritiesOwnedFollowingTransaction":10881110.0,"DirectOrIndirectOwnership":1,"TransactionDate":null,"TransactionCode":null,"TransactionQuantity":null,"TransactionPricePerSecurity":null,"AcquiredOrDisposed":null},{"SecurityTitle":"Common Stock, par value $0.00001","SecuritiesOwnedFollowingTransaction":80941.0,"DirectOrIndirectOwnership":1,"TransactionDate":null,"TransactionCode":null,"TransactionQuantity":null,"TransactionPricePerSecurity":null,"AcquiredOrDisposed":null},{"SecurityTitle":"Common Stock, par value $0.00001","SecuritiesOwnedFollowingTransaction":1214108.0,"DirectOrIndirectOwnership":1,"TransactionDate":null,"TransactionCode":null,"TransactionQuantity":null,"TransactionPricePerSecurity":null,"AcquiredOrDisposed":null},{"SecurityTitle":"Common Stock, par value $0.00001","SecuritiesOwnedFollowingTransaction":17000.0,"DirectOrIndirectOwnership":0,"TransactionDate":"2015-03-20T00:00:00","TransactionCode":0,"TransactionQuantity":5400.0,"TransactionPricePerSecurity":4.82,"AcquiredOrDisposed":0},{"SecurityTitle":"Common Stock, par value $0.00001","SecuritiesOwnedFollowingTransaction":2500.0,"DirectOrIndirectOwnership":0,"TransactionDate":"2015-03-20T00:00:00","TransactionCode":0,"TransactionQuantity":2500.0,"TransactionPricePerSecurity":4.71,"AcquiredOrDisposed":0},{"SecurityTitle":"Common Stock, par value $0.00001","SecuritiesOwnedFollowingTransaction":112020.0,"DirectOrIndirectOwnership":0,"TransactionDate":"2015-03-19T00:00:00","TransactionCode":0,"TransactionQuantity":2020.0,"TransactionPricePerSecurity":4.82,"AcquiredOrDisposed":0},{"SecurityTitle":"Common Stock, par value $0.00001","SecuritiesOwnedFollowingTransaction":10881110.0,"DirectOrIndirectOwnership":0,"TransactionDate":"2014-12-03T00:00:00","TransactionCode":17,"TransactionQuantity":11737.0,"TransactionPricePerSecurity":null,"AcquiredOrDisposed":1},{"SecurityTitle":"Common Stock, par value $0.00001","SecuritiesOwnedFollowingTransaction":5744083.0,"DirectOrIndirectOwnership":0,"TransactionDate":"2014-12-03T00:00:00","TransactionCode":17,"TransactionQuantity":6202.0,"TransactionPricePerSecurity":null,"AcquiredOrDisposed":1},{"SecurityTitle":"Common Stock, par value $0.00001","SecuritiesOwnedFollowingTransaction":10881110.0,"DirectOrIndirectOwnership":1,"TransactionDate":"2014-12-03T00:00:00","TransactionCode":17,"TransactionQuantity":11737.0,"TransactionPricePerSecurity":null,"AcquiredOrDisposed":1},{"SecurityTitle":"Common Stock, par value $0.00001","SecuritiesOwnedFollowingTransaction":80941.0,"DirectOrIndirectOwnership":1,"TransactionDate":"2014-12-03T00:00:00","TransactionCode":17,"TransactionQuantity":89.0,"TransactionPricePerSecurity":null,"AcquiredOrDisposed":1},{"SecurityTitle":"Common Stock, par value $0.00001","SecuritiesOwnedFollowingTransaction":1214108.0,"DirectOrIndirectOwnership":1,"TransactionDate":"2014-12-03T00:00:00","TransactionCode":17,"TransactionQuantity":1340.0,"TransactionPricePerSecurity":null,"AcquiredOrDisposed":1},{"SecurityTitle":"Common Stock","SecuritiesOwnedFollowingTransaction":20000.0,"DirectOrIndirectOwnership":0,"TransactionDate":"2014-11-14T00:00:00","TransactionCode":0,"TransactionQuantity":10000.0,"TransactionPricePerSecurity":4.31,"AcquiredOrDisposed":0},{"SecurityTitle":"Common Stock, par value $0.00001","SecuritiesOwnedFollowingTransaction":11600.0,"DirectOrIndirectOwnership":0,"TransactionDate":"2014-11-13T00:00:00","TransactionCode":0,"TransactionQuantity":11600.0,"TransactionPricePerSecurity":4.37,"AcquiredOrDisposed":0},{"SecurityTitle":"Common Stock, par value $0.00001","SecuritiesOwnedFollowingTransaction":110000.0,"DirectOrIndirectOwnership":0,"TransactionDate":"2014-11-13T00:00:00","TransactionCode":0,"TransactionQuantity":3596.0,"TransactionPricePerSecurity":4.32,"AcquiredOrDisposed":0},{"SecurityTitle":"Common Stock","SecuritiesOwnedFollowingTransaction":25000.0,"DirectOrIndirectOwnership":1,"TransactionDate":"2014-11-07T00:00:00","TransactionCode":0,"TransactionQuantity":25000.0,"TransactionPricePerSecurity":4.25,"AcquiredOrDisposed":0},{"SecurityTitle":"Common Stock, par value $0.00001","SecuritiesOwnedFollowingTransaction":48208.0,"DirectOrIndirectOwnership":0,"TransactionDate":"2014-09-19T00:00:00","TransactionCode":3,"TransactionQuantity":48208.0,"TransactionPricePerSecurity":null,"AcquiredOrDisposed":0},{"SecurityTitle":"Common Stock, par value $0.00001","SecuritiesOwnedFollowingTransaction":106404.0,"DirectOrIndirectOwnership":0,"TransactionDate":"2014-09-19T00:00:00","TransactionCode":3,"TransactionQuantity":106404.0,"TransactionPricePerSecurity":null,"AcquiredOrDisposed":0},{"SecurityTitle":"Common Stock, par value $0.00001","SecuritiesOwnedFollowingTransaction":10000.0,"DirectOrIndirectOwnership":0,"TransactionDate":"2014-09-19T00:00:00","TransactionCode":3,"TransactionQuantity":10000.0,"TransactionPricePerSecurity":null,"AcquiredOrDisposed":0},{"SecurityTitle":"Common Stock, par value $0.00001","SecuritiesOwnedFollowingTransaction":10892847.0,"DirectOrIndirectOwnership":1,"TransactionDate":"2014-09-19T00:00:00","TransactionCode":3,"TransactionQuantity":10892847.0,"TransactionPricePerSecurity":null,"AcquiredOrDisposed":0},{"SecurityTitle":"Common Stock, par value $0.00001","SecuritiesOwnedFollowingTransaction":81030.0,"DirectOrIndirectOwnership":1,"TransactionDate":"2014-09-19T00:00:00","TransactionCode":3,"TransactionQuantity":81030.0,"TransactionPricePerSecurity":null,"AcquiredOrDisposed":0},{"SecurityTitle":"Common Stock, par value $0.00001","SecuritiesOwnedFollowingTransaction":1215448.0,"DirectOrIndirectOwnership":1,"TransactionDate":"2014-09-19T00:00:00","TransactionCode":3,"TransactionQuantity":1215448.0,"TransactionPricePerSecurity":null,"AcquiredOrDisposed":0},{"SecurityTitle":"Common Stock","SecuritiesOwnedFollowingTransaction":25012.0,"DirectOrIndirectOwnership":0,"TransactionDate":"2020-12-21T00:00:00","TransactionCode":13,"TransactionQuantity":3250.0,"TransactionPricePerSecurity":0.0,"AcquiredOrDisposed":1},{"SecurityTitle":"Common Stock","SecuritiesOwnedFollowingTransaction":21762.0,"DirectOrIndirectOwnership":0,"TransactionDate":"2020-12-21T00:00:00","TransactionCode":13,"TransactionQuantity":3250.0,"TransactionPricePerSecurity":0.0,"AcquiredOrDisposed":1},{"SecurityTitle":"Common Stock","SecuritiesOwnedFollowingTransaction":3250.0,"DirectOrIndirectOwnership":1,"TransactionDate":"2020-12-21T00:00:00","TransactionCode":13,"TransactionQuantity":3250.0,"TransactionPricePerSecurity":0.0,"AcquiredOrDisposed":0},{"SecurityTitle":"Common Stock","SecuritiesOwnedFollowingTransaction":3250.0,"DirectOrIndirectOwnership":1,"TransactionDate":"2020-12-21T00:00:00","TransactionCode":13,"TransactionQuantity":3250.0,"TransactionPricePerSecurity":0.0,"AcquiredOrDisposed":0}]